timestamp,vehicle_id,driver_name,speed_kmh,acceleration_kmh_s,latitude,longitude,heading_deg,throttle_pct,brake_pct,rpm,gear,engine_temp_c,ear,mar,fatigue_score,status
2026-09-30 22:29:29,TN 58 AA 4920,Arun Kumar (Operator #104),0.0,0.0,9.9325,78.1633,59.4,0.0,0.0,1100,1,85.7,0.3,0.22,14.6,NOMINAL
2026-09-30 22:29:31,TN 58 AA 4920,Arun Kumar (Operator #104),1.5,0.75,9.93355,78.16511,59.4,2.0999999999999996,0.0,1127,1,86.0,0.33,0.2,12.4,NOMINAL
2026-09-30 22:29:33,TN 58 AA 4920,Arun Kumar (Operator #104),3.0,0.75,9.9346,78.16692,59.4,4.199999999999999,0.0,1154,1,86.0,0.31,0.18,15.0,NOMINAL
2026-09-30 22:29:35,TN 58 AA 4920,Arun Kumar (Operator #104),4.5,0.75,9.93566,78.16872,59.4,6.3,0.0,1181,1,86.7,0.32,0.25,9.5,NOMINAL
2026-09-30 22:29:37,TN 58 AA 4920,Arun Kumar (Operator #104),6.0,0.75,9.93671,78.17053,59.4,8.399999999999999,0.0,1208,1,85.9,0.35,0.25,9.6,NOMINAL
2026-09-30 22:29:39,TN 58 AA 4920,Arun Kumar (Operator #104),7.5,0.75,9.93776,78.17234,59.4,10.5,0.0,1235,1,86.8,0.31,0.23,12.4,NOMINAL
2026-09-30 22:29:41,TN 58 AA 4920,Arun Kumar (Operator #104),9.0,0.75,9.93881,78.17415,59.4,12.6,0.0,1262,1,86.9,0.32,0.25,8.2,NOMINAL
2026-09-30 22:29:43,TN 58 AA 4920,Arun Kumar (Operator #104),10.5,0.75,9.93987,78.17596,59.4,14.7,0.0,1289,2,86.7,0.33,0.23,13.2,NOMINAL
2026-09-30 22:29:45,TN 58 AA 4920,Arun Kumar (Operator #104),12.0,0.75,9.94092,78.17776,59.4,16.799999999999997,0.0,1316,2,86.9,0.33,0.19,9.7,NOMINAL
2026-09-30 22:29:47,TN 58 AA 4920,Arun Kumar (Operator #104),13.5,0.75,9.94197,78.17957,59.4,18.9,0.0,1343,2,86.9,0.34,0.21,13.9,NOMINAL
2026-09-30 22:29:49,TN 58 AA 4920,Arun Kumar (Operator #104),15.0,0.75,9.94302,78.18138,59.4,21.0,0.0,1370,2,86.6,0.3,0.24,7.6,NOMINAL
2026-09-30 22:29:51,TN 58 AA 4920,Arun Kumar (Operator #104),16.5,0.75,9.94408,78.18319,59.4,23.099999999999998,0.0,1397,2,87.2,0.34,0.18,7.8,NOMINAL
2026-09-30 22:29:53,TN 58 AA 4920,Arun Kumar (Operator #104),18.0,0.75,9.94513,78.185,59.4,25.2,0.0,1424,2,87.6,0.31,0.22,12.3,NOMINAL
2026-09-30 22:29:55,TN 58 AA 4920,Arun Kumar (Operator #104),19.5,0.75,9.94618,78.1868,59.4,27.299999999999997,0.0,1451,2,87.4,0.33,0.24,13.5,NOMINAL
2026-09-30 22:29:57,TN 58 AA 4920,Arun Kumar (Operator #104),21.0,0.75,9.94723,78.18861,59.4,29.4,0.0,1478,3,87.4,0.34,0.22,8.9,NOMINAL
2026-09-30 22:29:59,TN 58 AA 4920,Arun Kumar (Operator #104),22.5,0.75,9.94828,78.19042,59.4,31.499999999999996,0.0,1505,3,87.4,0.3,0.23,5.1,NOMINAL
2026-09-30 22:30:01,TN 58 AA 4920,Arun Kumar (Operator #104),24.0,0.75,9.94934,78.19223,59.4,33.599999999999994,0.0,1532,3,87.0,0.3,0.26,13.1,NOMINAL
2026-09-30 22:30:03,TN 58 AA 4920,Arun Kumar (Operator #104),25.5,0.75,9.95039,78.19403,59.4,35.699999999999996,0.0,1559,3,88.0,0.34,0.21,9.1,NOMINAL
2026-09-30 22:30:05,TN 58 AA 4920,Arun Kumar (Operator #104),27.0,0.75,9.95144,78.19584,59.4,37.8,0.0,1586,3,87.1,0.33,0.24,7.2,NOMINAL
2026-09-30 22:30:07,TN 58 AA 4920,Arun Kumar (Operator #104),28.5,0.75,9.95249,78.19765,59.4,39.9,0.0,1613,3,87.6,0.32,0.25,14.2,NOMINAL
2026-09-30 22:30:09,TN 58 AA 4920,Arun Kumar (Operator #104),30.0,0.75,9.95355,78.19946,59.4,42.0,0.0,1640,4,87.4,0.3,0.2,13.0,NOMINAL
2026-09-30 22:30:11,TN 58 AA 4920,Arun Kumar (Operator #104),31.5,0.75,9.9546,78.20127,59.4,44.099999999999994,0.0,1667,4,87.9,0.35,0.26,7.0,NOMINAL
2026-09-30 22:30:13,TN 58 AA 4920,Arun Kumar (Operator #104),33.0,0.75,9.95565,78.20307,59.4,46.199999999999996,0.0,1694,4,88.4,0.33,0.23,8.8,NOMINAL
2026-09-30 22:30:15,TN 58 AA 4920,Arun Kumar (Operator #104),34.5,0.75,9.9567,78.20488,59.4,48.3,0.0,1721,4,88.0,0.3,0.19,8.1,NOMINAL
2026-09-30 22:30:17,TN 58 AA 4920,Arun Kumar (Operator #104),36.0,0.75,9.95775,78.20669,59.4,50.4,0.0,1748,4,88.6,0.31,0.24,8.0,NOMINAL
2026-09-30 22:30:19,TN 58 AA 4920,Arun Kumar (Operator #104),37.5,0.75,9.95881,78.2085,59.4,52.5,0.0,1775,4,87.9,0.33,0.19,10.4,NOMINAL
2026-09-30 22:30:21,TN 58 AA 4920,Arun Kumar (Operator #104),39.0,0.75,9.95986,78.21031,59.4,54.599999999999994,0.0,1802,4,88.1,0.3,0.21,8.7,NOMINAL
2026-09-30 22:30:23,TN 58 AA 4920,Arun Kumar (Operator #104),40.5,0.75,9.96091,78.21211,59.4,56.699999999999996,0.0,1829,4,88.1,0.3,0.19,7.2,NOMINAL
2026-09-30 22:30:25,TN 58 AA 4920,Arun Kumar (Operator #104),42.0,0.75,9.96196,78.21392,59.4,58.8,0.0,1856,4,89.0,0.34,0.25,13.6,NOMINAL
2026-09-30 22:30:27,TN 58 AA 4920,Arun Kumar (Operator #104),43.5,0.75,9.96302,78.21573,59.4,60.0,0.0,1883,4,88.1,0.3,0.22,13.2,NOMINAL
2026-09-30 22:30:29,TN 58 AA 4920,Arun Kumar (Operator #104),72.2,14.37,9.96407,78.21754,59.4,38.8,0.0,1455,7,90.0,0.33,0.21,12.9,NOMINAL
2026-09-30 22:30:31,TN 58 AA 4920,Arun Kumar (Operator #104),67.0,-2.59,9.96512,78.21935,59.4,45.6,0.0,1325,7,90.4,0.33,0.26,18.5,NOMINAL
2026-09-30 22:30:33,TN 58 AA 4920,Arun Kumar (Operator #104),74.0,3.48,9.96617,78.22115,59.4,43.7,0.0,1499,7,90.9,0.29,0.18,19.6,NOMINAL
2026-09-30 22:30:35,TN 58 AA 4920,Arun Kumar (Operator #104),70.1,-1.93,9.96723,78.22296,59.4,35.5,0.0,1403,7,90.7,0.34,0.23,15.4,NOMINAL
2026-09-30 22:30:37,TN 58 AA 4920,Arun Kumar (Operator #104),72.6,1.25,9.96828,78.22477,59.4,35.9,0.0,1464,7,90.6,0.32,0.19,18.9,NOMINAL
2026-09-30 22:30:39,TN 58 AA 4920,Arun Kumar (Operator #104),70.1,-1.23,9.96933,78.22658,59.4,35.0,0.0,1403,7,90.5,0.31,0.24,17.3,NOMINAL
2026-09-30 22:30:41,TN 58 AA 4920,Arun Kumar (Operator #104),68.5,-0.8,9.97038,78.22839,59.4,37.8,0.0,1362,7,89.8,0.29,0.21,8.6,NOMINAL
2026-09-30 22:30:43,TN 58 AA 4920,Arun Kumar (Operator #104),71.1,1.28,9.97143,78.23019,59.4,40.3,0.0,1426,7,90.6,0.3,0.18,16.2,NOMINAL
2026-09-30 22:30:45,TN 58 AA 4920,Arun Kumar (Operator #104),72.4,0.64,9.97249,78.232,59.4,40.3,0.0,1459,7,90.6,0.3,0.21,14.5,NOMINAL
2026-09-30 22:30:47,TN 58 AA 4920,Arun Kumar (Operator #104),67.4,-2.51,9.97354,78.23381,59.4,40.0,0.0,1334,7,90.1,0.32,0.22,14.1,NOMINAL
2026-09-30 22:30:49,TN 58 AA 4920,Arun Kumar (Operator #104),71.8,2.19,9.97459,78.23562,59.4,37.5,0.0,1444,7,90.3,0.32,0.19,21.1,NOMINAL
2026-09-30 22:30:51,TN 58 AA 4920,Arun Kumar (Operator #104),71.7,-0.07,9.97564,78.23742,59.4,46.0,0.0,1441,7,90.0,0.28,0.19,11.0,NOMINAL
2026-09-30 22:30:53,TN 58 AA 4920,Arun Kumar (Operator #104),72.5,0.38,9.9767,78.23923,59.4,46.9,0.0,1461,7,90.3,0.29,0.25,21.8,NOMINAL
2026-09-30 22:30:55,TN 58 AA 4920,Arun Kumar (Operator #104),68.3,-2.12,9.97775,78.24104,59.4,38.4,0.0,1356,7,90.4,0.3,0.23,17.6,NOMINAL
2026-09-30 22:30:57,TN 58 AA 4920,Arun Kumar (Operator #104),72.6,2.16,9.9788,78.24285,59.4,37.3,0.0,1465,7,90.2,0.32,0.2,21.3,NOMINAL
2026-09-30 22:30:59,TN 58 AA 4920,Arun Kumar (Operator #104),71.6,-0.52,9.97985,78.24466,59.4,47.9,0.0,1438,7,90.6,0.29,0.26,21.3,NOMINAL
2026-09-30 22:31:01,TN 58 AA 4920,Arun Kumar (Operator #104),69.2,-1.22,9.9809,78.24646,59.4,35.2,0.0,1378,7,90.3,0.31,0.25,19.8,NOMINAL
2026-09-30 22:31:03,TN 58 AA 4920,Arun Kumar (Operator #104),71.3,1.06,9.98196,78.24827,59.4,35.3,0.0,1433,7,90.7,0.32,0.18,15.4,NOMINAL
2026-09-30 22:31:05,TN 58 AA 4920,Arun Kumar (Operator #104),72.3,0.51,9.98301,78.25008,59.4,44.1,0.0,1458,7,90.6,0.32,0.2,18.9,NOMINAL
2026-09-30 22:31:07,TN 58 AA 4920,Arun Kumar (Operator #104),68.6,-1.84,9.98406,78.25189,59.4,41.1,0.0,1365,7,90.3,0.33,0.23,19.1,NOMINAL
2026-09-30 22:31:09,TN 58 AA 4920,Arun Kumar (Operator #104),69.6,0.51,9.98511,78.2537,59.4,42.4,0.0,1390,7,90.0,0.33,0.26,18.3,NOMINAL
2026-09-30 22:31:11,TN 58 AA 4920,Arun Kumar (Operator #104),69.5,-0.07,9.98617,78.2555,59.4,44.2,0.0,1386,7,90.7,0.34,0.27,12.7,NOMINAL
2026-09-30 22:31:13,TN 58 AA 4920,Arun Kumar (Operator #104),68.7,-0.41,9.98722,78.25731,59.4,45.4,0.0,1366,7,90.2,0.33,0.19,20.7,NOMINAL
2026-09-30 22:31:15,TN 58 AA 4920,Arun Kumar (Operator #104),72.1,1.68,9.98827,78.25912,59.4,37.3,0.0,1451,7,90.8,0.29,0.19,11.0,NOMINAL
2026-09-30 22:31:17,TN 58 AA 4920,Arun Kumar (Operator #104),69.6,-1.25,9.98932,78.26093,59.4,36.8,0.0,1390,7,90.7,0.34,0.22,13.1,NOMINAL
2026-09-30 22:31:19,TN 58 AA 4920,Arun Kumar (Operator #104),70.9,0.64,9.99038,78.26274,59.4,36.0,0.0,1422,7,90.5,0.29,0.25,21.5,NOMINAL
2026-09-30 22:31:21,TN 58 AA 4920,Arun Kumar (Operator #104),72.1,0.59,9.99143,78.26454,59.4,43.9,0.0,1452,7,90.7,0.28,0.22,20.2,NOMINAL
2026-09-30 22:31:23,TN 58 AA 4920,Arun Kumar (Operator #104),68.1,-2.0,9.99248,78.26635,59.4,45.4,0.0,1352,7,89.6,0.31,0.26,18.6,NOMINAL
2026-09-30 22:31:25,TN 58 AA 4920,Arun Kumar (Operator #104),73.4,2.65,9.99353,78.26816,59.4,39.4,0.0,1485,7,90.1,0.31,0.19,19.7,NOMINAL
2026-09-30 22:31:27,TN 58 AA 4920,Arun Kumar (Operator #104),72.3,-0.54,9.99458,78.26997,59.4,37.1,0.0,1458,7,90.8,0.29,0.21,8.4,NOMINAL
2026-09-30 22:31:29,TN 58 AA 4920,Arun Kumar (Operator #104),71.4,-0.45,9.99564,78.27178,59.4,36.9,0.0,1434,7,90.5,0.29,0.23,15.4,NOMINAL
2026-09-30 22:31:31,TN 58 AA 4920,Arun Kumar (Operator #104),68.4,-1.49,9.99669,78.27358,59.4,47.0,0.0,1360,7,89.6,0.33,0.19,15.1,NOMINAL
2026-09-30 22:31:33,TN 58 AA 4920,Arun Kumar (Operator #104),68.6,0.11,9.99774,78.27539,59.4,44.8,0.0,1365,7,90.1,0.35,0.19,12.2,NOMINAL
2026-09-30 22:31:35,TN 58 AA 4920,Arun Kumar (Operator #104),67.2,-0.68,9.99879,78.2772,59.4,43.4,0.0,1330,7,90.1,0.3,0.23,16.0,NOMINAL
2026-09-30 22:31:37,TN 58 AA 4920,Arun Kumar (Operator #104),71.4,2.12,9.99985,78.27901,59.4,43.3,0.0,1436,7,90.7,0.32,0.24,19.4,NOMINAL
2026-09-30 22:31:39,TN 58 AA 4920,Arun Kumar (Operator #104),68.9,-1.23,10.0009,78.28082,59.4,45.4,0.0,1373,7,90.4,0.34,0.24,11.3,NOMINAL
2026-09-30 22:31:41,TN 58 AA 4920,Arun Kumar (Operator #104),69.4,0.26,10.00195,78.28262,59.4,42.8,0.0,1385,7,90.2,0.31,0.23,21.8,NOMINAL
2026-09-30 22:31:43,TN 58 AA 4920,Arun Kumar (Operator #104),73.7,2.13,10.003,78.28443,59.4,35.4,0.0,1491,7,90.7,0.3,0.19,8.9,NOMINAL
2026-09-30 22:31:45,TN 58 AA 4920,Arun Kumar (Operator #104),68.8,-2.43,10.00406,78.28624,59.4,41.4,0.0,1370,7,90.6,0.34,0.22,16.0,NOMINAL
2026-09-30 22:31:47,TN 58 AA 4920,Arun Kumar (Operator #104),71.2,1.18,10.00511,78.28805,59.4,39.3,0.0,1429,7,90.1,0.31,0.19,13.5,NOMINAL
2026-09-30 22:31:49,TN 58 AA 4920,Arun Kumar (Operator #104),73.3,1.03,10.00616,78.28985,59.4,45.2,0.0,1481,7,90.0,0.28,0.19,14.1,NOMINAL
2026-09-30 22:31:51,TN 58 AA 4920,Arun Kumar (Operator #104),68.0,-2.64,10.00721,78.29166,59.4,35.6,0.0,1350,7,90.4,0.28,0.24,11.2,NOMINAL
2026-09-30 22:31:53,TN 58 AA 4920,Arun Kumar (Operator #104),72.3,2.14,10.00826,78.29347,59.4,40.2,0.0,1457,7,90.6,0.29,0.25,15.6,NOMINAL
2026-09-30 22:31:55,TN 58 AA 4920,Arun Kumar (Operator #104),72.2,-0.03,10.00932,78.29528,59.4,47.7,0.0,1455,7,90.6,0.29,0.21,9.8,NOMINAL
2026-09-30 22:31:57,TN 58 AA 4920,Arun Kumar (Operator #104),72.5,0.15,10.01037,78.29709,59.4,42.8,0.0,1462,7,90.4,0.33,0.27,20.4,NOMINAL
2026-09-30 22:31:59,TN 58 AA 4920,Arun Kumar (Operator #104),68.8,-1.86,10.01142,78.29889,59.4,37.2,0.0,1369,7,89.7,0.31,0.18,14.4,NOMINAL
2026-09-30 22:32:01,TN 58 AA 4920,Arun Kumar (Operator #104),67.1,-0.86,10.01247,78.3007,59.4,46.0,0.0,1327,7,89.7,0.28,0.19,21.3,NOMINAL
2026-09-30 22:32:03,TN 58 AA 4920,Arun Kumar (Operator #104),72.3,2.62,10.01353,78.30251,59.4,47.0,0.0,1458,7,90.7,0.33,0.25,16.0,NOMINAL
2026-09-30 22:32:05,TN 58 AA 4920,Arun Kumar (Operator #104),69.5,-1.39,10.01458,78.30432,59.4,45.9,0.0,1387,7,90.5,0.33,0.25,11.5,NOMINAL
2026-09-30 22:32:07,TN 58 AA 4920,Arun Kumar (Operator #104),72.9,1.68,10.01563,78.30613,59.4,41.0,0.0,1471,7,90.3,0.29,0.2,15.8,NOMINAL
2026-09-30 22:32:09,TN 58 AA 4920,Arun Kumar (Operator #104),71.2,-0.83,10.01668,78.30793,59.4,37.4,0.0,1430,7,90.0,0.34,0.27,22.0,NOMINAL
2026-09-30 22:32:11,TN 58 AA 4920,Arun Kumar (Operator #104),73.4,1.11,10.01773,78.30974,59.4,44.8,0.0,1485,7,90.8,0.35,0.24,19.6,NOMINAL
2026-09-30 22:32:13,TN 58 AA 4920,Arun Kumar (Operator #104),73.7,0.17,10.01879,78.31155,59.4,42.9,0.0,1493,7,90.5,0.34,0.19,9.0,NOMINAL
2026-09-30 22:32:15,TN 58 AA 4920,Arun Kumar (Operator #104),67.2,-3.24,10.01984,78.31336,59.4,40.6,0.0,1330,7,89.9,0.34,0.19,9.7,NOMINAL
2026-09-30 22:32:17,TN 58 AA 4920,Arun Kumar (Operator #104),67.7,0.26,10.02089,78.31517,59.4,36.8,0.0,1343,7,90.2,0.3,0.2,8.8,NOMINAL
2026-09-30 22:32:19,TN 58 AA 4920,Arun Kumar (Operator #104),70.7,1.5,10.02194,78.31697,59.4,36.1,0.0,1417,7,90.6,0.29,0.25,17.0,NOMINAL
2026-09-30 22:32:21,TN 58 AA 4920,Arun Kumar (Operator #104),70.3,-0.21,10.023,78.31878,59.4,46.4,0.0,1407,7,89.8,0.29,0.23,20.9,NOMINAL
2026-09-30 22:32:23,TN 58 AA 4920,Arun Kumar (Operator #104),72.5,1.1,10.02405,78.32059,59.4,47.4,0.0,1462,7,90.3,0.31,0.21,16.4,NOMINAL
2026-09-30 22:32:25,TN 58 AA 4920,Arun Kumar (Operator #104),67.5,-2.5,10.0251,78.3224,59.4,39.9,0.0,1337,7,89.6,0.35,0.25,9.8,NOMINAL
2026-09-30 22:32:27,TN 58 AA 4920,Arun Kumar (Operator #104),71.2,1.85,10.02615,78.32421,59.4,44.6,0.0,1429,7,90.6,0.28,0.23,20.8,NOMINAL
2026-09-30 22:32:29,TN 58 AA 4920,Arun Kumar (Operator #104),71.7,0.24,10.02721,78.32601,59.4,42.1,0.0,1442,7,90.8,0.34,0.24,11.9,NOMINAL
2026-09-30 22:32:31,TN 58 AA 4920,Arun Kumar (Operator #104),68.8,-1.47,10.02826,78.32782,59.4,37.6,0.0,1369,7,90.3,0.28,0.18,13.5,NOMINAL
2026-09-30 22:32:33,TN 58 AA 4920,Arun Kumar (Operator #104),73.5,2.35,10.02931,78.32963,59.4,37.1,0.0,1487,7,90.0,0.33,0.2,18.4,NOMINAL
2026-09-30 22:32:35,TN 58 AA 4920,Arun Kumar (Operator #104),69.4,-2.07,10.03036,78.33144,59.4,44.4,0.0,1384,7,90.1,0.29,0.26,20.0,NOMINAL
2026-09-30 22:32:37,TN 58 AA 4920,Arun Kumar (Operator #104),68.1,-0.66,10.03141,78.33325,59.4,37.7,0.0,1351,7,90.4,0.29,0.27,9.7,NOMINAL
2026-09-30 22:32:39,TN 58 AA 4920,Arun Kumar (Operator #104),72.9,2.4,10.03247,78.33505,59.4,44.3,0.0,1472,7,90.5,0.33,0.26,20.1,NOMINAL
2026-09-30 22:32:41,TN 58 AA 4920,Arun Kumar (Operator #104),71.1,-0.9,10.03352,78.33686,59.4,35.6,0.0,1427,7,90.6,0.34,0.26,11.2,NOMINAL
2026-09-30 22:32:43,TN 58 AA 4920,Arun Kumar (Operator #104),70.0,-0.54,10.03681,78.33837,22.9,45.9,0.0,1400,7,90.4,0.31,0.22,10.9,NOMINAL
2026-09-30 22:32:45,TN 58 AA 4920,Arun Kumar (Operator #104),73.6,1.78,10.04028,78.33986,22.9,42.5,0.0,1489,7,90.0,0.34,0.25,17.3,NOMINAL
2026-09-30 22:32:47,TN 58 AA 4920,Arun Kumar (Operator #104),72.4,-0.58,10.04375,78.34135,22.9,40.1,0.0,1460,7,90.7,0.3,0.22,14.7,NOMINAL
2026-09-30 22:32:49,TN 58 AA 4920,Arun Kumar (Operator #104),72.2,-0.11,10.04723,78.34284,22.9,44.8,0.0,1454,7,90.3,0.32,0.2,16.0,NOMINAL
2026-09-30 22:32:51,TN 58 AA 4920,Arun Kumar (Operator #104),73.0,0.41,10.0507,78.34433,22.9,42.1,0.0,1475,7,89.9,0.29,0.18,9.2,NOMINAL
2026-09-30 22:32:53,TN 58 AA 4920,Arun Kumar (Operator #104),72.1,-0.44,10.05417,78.34582,22.9,45.1,0.0,1452,7,90.1,0.33,0.21,10.0,NOMINAL
2026-09-30 22:32:55,TN 58 AA 4920,Arun Kumar (Operator #104),71.4,-0.34,10.05765,78.3473,22.9,43.2,0.0,1435,7,90.4,0.32,0.18,19.2,NOMINAL
2026-09-30 22:32:57,TN 58 AA 4920,Arun Kumar (Operator #104),73.6,1.08,10.06112,78.34879,22.9,45.6,0.0,1489,7,90.5,0.3,0.24,20.1,NOMINAL
2026-09-30 22:32:59,TN 58 AA 4920,Arun Kumar (Operator #104),70.3,-1.66,10.06459,78.35028,22.9,41.0,0.0,1406,7,90.0,0.35,0.25,12.4,NOMINAL
2026-09-30 22:33:01,TN 58 AA 4920,Arun Kumar (Operator #104),72.0,0.84,10.06807,78.35177,22.9,47.0,0.0,1449,7,90.4,0.34,0.24,12.0,NOMINAL
2026-09-30 22:33:03,TN 58 AA 4920,Arun Kumar (Operator #104),72.8,0.42,10.07154,78.35326,22.9,40.2,0.0,1470,7,90.7,0.28,0.24,10.8,NOMINAL
2026-09-30 22:33:05,TN 58 AA 4920,Arun Kumar (Operator #104),69.2,-1.78,10.07501,78.35475,22.9,46.5,0.0,1381,7,90.3,0.28,0.25,16.4,NOMINAL
2026-09-30 22:33:07,TN 58 AA 4920,Arun Kumar (Operator #104),69.9,0.36,10.07849,78.35623,22.9,47.2,0.0,1398,7,90.5,0.31,0.21,12.5,NOMINAL
2026-09-30 22:33:09,TN 58 AA 4920,Arun Kumar (Operator #104),71.7,0.91,10.08196,78.35772,22.9,37.3,0.0,1443,7,90.1,0.29,0.19,12.3,NOMINAL
2026-09-30 22:33:11,TN 58 AA 4920,Arun Kumar (Operator #104),68.8,-1.46,10.08543,78.35921,22.9,44.4,0.0,1369,7,89.8,0.29,0.23,9.7,NOMINAL
2026-09-30 22:33:13,TN 58 AA 4920,Arun Kumar (Operator #104),67.6,-0.61,10.0889,78.3607,22.9,36.7,0.0,1339,7,89.6,0.3,0.26,9.6,NOMINAL
2026-09-30 22:33:15,TN 58 AA 4920,Arun Kumar (Operator #104),68.5,0.44,10.09238,78.36219,22.9,45.0,0.0,1362,7,90.3,0.31,0.18,11.5,NOMINAL
2026-09-30 22:33:17,TN 58 AA 4920,Arun Kumar (Operator #104),69.6,0.55,10.09585,78.36368,22.9,38.3,0.0,1390,7,90.7,0.28,0.26,18.9,NOMINAL
2026-09-30 22:33:19,TN 58 AA 4920,Arun Kumar (Operator #104),71.1,0.74,10.09932,78.36516,22.9,43.1,0.0,1426,7,90.0,0.33,0.22,16.4,NOMINAL
2026-09-30 22:33:21,TN 58 AA 4920,Arun Kumar (Operator #104),70.0,-0.56,10.1028,78.36665,22.9,35.9,0.0,1399,7,89.9,0.3,0.22,12.4,NOMINAL
2026-09-30 22:33:23,TN 58 AA 4920,Arun Kumar (Operator #104),72.2,1.1,10.10627,78.36814,22.9,36.7,0.0,1455,7,90.0,0.32,0.22,15.3,NOMINAL
2026-09-30 22:33:25,TN 58 AA 4920,Arun Kumar (Operator #104),68.7,-1.76,10.10974,78.36963,22.9,35.5,0.0,1367,7,90.6,0.33,0.2,21.5,NOMINAL
2026-09-30 22:33:27,TN 58 AA 4920,Arun Kumar (Operator #104),73.1,2.19,10.11322,78.37112,22.9,44.6,0.0,1476,7,90.4,0.33,0.24,9.0,NOMINAL
2026-09-30 22:33:29,TN 58 AA 4920,Arun Kumar (Operator #104),72.0,-0.53,10.11669,78.37261,22.9,37.1,0.0,1450,7,90.1,0.3,0.24,18.1,NOMINAL
2026-09-30 22:33:31,TN 58 AA 4920,Arun Kumar (Operator #104),69.0,-1.52,10.12016,78.3741,22.9,39.7,0.0,1374,7,89.8,0.3,0.26,16.3,NOMINAL
2026-09-30 22:33:33,TN 58 AA 4920,Arun Kumar (Operator #104),73.7,2.33,10.12364,78.37558,22.9,46.2,0.0,1491,7,90.0,0.33,0.27,21.9,NOMINAL
2026-09-30 22:33:35,TN 58 AA 4920,Arun Kumar (Operator #104),71.3,-1.2,10.12711,78.37707,22.9,44.1,0.0,1432,7,89.8,0.28,0.24,11.2,NOMINAL
2026-09-30 22:33:37,TN 58 AA 4920,Arun Kumar (Operator #104),69.8,-0.74,10.13058,78.37856,22.9,38.0,0.0,1395,7,90.1,0.3,0.27,8.5,NOMINAL
2026-09-30 22:33:39,TN 58 AA 4920,Arun Kumar (Operator #104),72.3,1.24,10.13406,78.38005,22.9,45.4,0.0,1457,7,90.5,0.33,0.24,8.7,NOMINAL
2026-09-30 22:33:41,TN 58 AA 4920,Arun Kumar (Operator #104),72.5,0.1,10.13753,78.38154,22.9,35.4,0.0,1462,7,90.7,0.29,0.24,16.2,NOMINAL
2026-09-30 22:33:43,TN 58 AA 4920,Arun Kumar (Operator #104),70.7,-0.88,10.141,78.38303,22.9,39.2,0.0,1418,7,90.2,0.31,0.21,18.4,NOMINAL
2026-09-30 22:33:45,TN 58 AA 4920,Arun Kumar (Operator #104),71.1,0.21,10.14448,78.38451,22.9,37.4,0.0,1428,7,90.7,0.28,0.24,12.5,NOMINAL
2026-09-30 22:33:47,TN 58 AA 4920,Arun Kumar (Operator #104),68.8,-1.14,10.14795,78.386,22.9,37.3,0.0,1370,7,90.4,0.33,0.19,19.9,NOMINAL
2026-09-30 22:33:49,TN 58 AA 4920,Arun Kumar (Operator #104),72.6,1.89,10.15142,78.38749,22.9,36.9,0.0,1464,7,90.3,0.29,0.19,17.6,NOMINAL
2026-09-30 22:33:51,TN 58 AA 4920,Arun Kumar (Operator #104),69.6,-1.52,10.1549,78.38898,22.9,41.3,0.0,1388,7,90.1,0.32,0.22,12.7,NOMINAL
2026-09-30 22:33:53,TN 58 AA 4920,Arun Kumar (Operator #104),70.6,0.48,10.15837,78.39047,22.9,38.9,0.0,1413,7,89.9,0.32,0.22,19.4,NOMINAL
2026-09-30 22:33:55,TN 58 AA 4920,Arun Kumar (Operator #104),70.3,-0.13,10.16184,78.39196,22.9,43.6,0.0,1408,7,89.8,0.3,0.25,8.1,NOMINAL
2026-09-30 22:33:57,TN 58 AA 4920,Arun Kumar (Operator #104),71.2,0.43,10.16532,78.39344,22.9,44.2,0.0,1428,7,90.6,0.31,0.19,10.8,NOMINAL
2026-09-30 22:33:59,TN 58 AA 4920,Arun Kumar (Operator #104),68.6,-1.32,10.16879,78.39493,22.9,40.0,0.0,1363,7,90.4,0.33,0.26,12.5,NOMINAL
2026-09-30 22:34:01,TN 58 AA 4920,Arun Kumar (Operator #104),72.0,1.71,10.17226,78.39642,22.9,41.4,0.0,1450,7,90.4,0.31,0.24,15.6,NOMINAL
2026-09-30 22:34:03,TN 58 AA 4920,Arun Kumar (Operator #104),70.4,-0.79,10.17574,78.39791,22.9,38.6,0.0,1410,7,90.3,0.34,0.2,14.0,NOMINAL
2026-09-30 22:34:05,TN 58 AA 4920,Arun Kumar (Operator #104),72.6,1.1,10.17921,78.3994,22.9,41.3,0.0,1464,7,90.7,0.34,0.26,17.8,NOMINAL
2026-09-30 22:34:07,TN 58 AA 4920,Arun Kumar (Operator #104),72.9,0.15,10.18268,78.40089,22.9,44.9,0.0,1472,7,90.8,0.34,0.26,14.8,NOMINAL
2026-09-30 22:34:09,TN 58 AA 4920,Arun Kumar (Operator #104),69.7,-1.61,10.18616,78.40237,22.9,45.4,0.0,1391,7,90.4,0.32,0.26,13.3,NOMINAL
2026-09-30 22:34:11,TN 58 AA 4920,Arun Kumar (Operator #104),68.1,-0.8,10.18963,78.40386,22.9,45.4,0.0,1352,7,90.1,0.33,0.21,11.2,NOMINAL
2026-09-30 22:34:13,TN 58 AA 4920,Arun Kumar (Operator #104),67.5,-0.28,10.1931,78.40535,22.9,35.0,0.0,1338,7,90.2,0.32,0.26,8.9,NOMINAL
2026-09-30 22:34:15,TN 58 AA 4920,Arun Kumar (Operator #104),71.5,2.0,10.19658,78.40684,22.9,47.2,0.0,1437,7,90.1,0.31,0.22,22.0,NOMINAL
2026-09-30 22:34:17,TN 58 AA 4920,Arun Kumar (Operator #104),71.2,-0.16,10.20005,78.40833,22.9,37.6,0.0,1429,7,90.7,0.29,0.2,9.5,NOMINAL
2026-09-30 22:34:19,TN 58 AA 4920,Arun Kumar (Operator #104),73.3,1.07,10.20352,78.40982,22.9,45.3,0.0,1483,7,90.1,0.3,0.21,13.3,NOMINAL
2026-09-30 22:34:21,TN 58 AA 4920,Arun Kumar (Operator #104),69.3,-2.02,10.207,78.41131,22.9,43.3,0.0,1381,7,90.4,0.32,0.22,9.2,NOMINAL
2026-09-30 22:34:23,TN 58 AA 4920,Arun Kumar (Operator #104),71.8,1.23,10.21047,78.41279,22.9,36.4,0.0,1443,7,90.8,0.35,0.21,12.7,NOMINAL
2026-09-30 22:34:25,TN 58 AA 4920,Arun Kumar (Operator #104),71.3,-0.23,10.21394,78.41428,22.9,39.9,0.0,1433,7,90.2,0.33,0.26,12.5,NOMINAL
2026-09-30 22:34:27,TN 58 AA 4920,Arun Kumar (Operator #104),67.4,-1.97,10.21742,78.41577,22.9,41.2,0.0,1334,7,90.5,0.34,0.23,15.5,NOMINAL
2026-09-30 22:34:29,TN 58 AA 4920,Arun Kumar (Operator #104),67.5,0.07,10.22089,78.41726,22.9,41.6,0.0,1338,7,90.0,0.3,0.19,16.1,NOMINAL
2026-09-30 22:34:31,TN 58 AA 4920,Arun Kumar (Operator #104),68.2,0.34,10.22436,78.41875,22.9,38.9,0.0,1354,7,90.2,0.3,0.23,13.2,NOMINAL
2026-09-30 22:34:33,TN 58 AA 4920,Arun Kumar (Operator #104),69.6,0.72,10.22784,78.42024,22.9,42.6,0.0,1391,7,89.7,0.29,0.19,17.2,NOMINAL
2026-09-30 22:34:35,TN 58 AA 4920,Arun Kumar (Operator #104),71.4,0.91,10.23131,78.42172,22.9,37.8,0.0,1435,7,90.3,0.31,0.19,13.4,NOMINAL
2026-09-30 22:34:37,TN 58 AA 4920,Arun Kumar (Operator #104),70.0,-0.71,10.23478,78.42321,22.9,36.4,0.0,1399,7,90.0,0.32,0.2,15.7,NOMINAL
2026-09-30 22:34:39,TN 58 AA 4920,Arun Kumar (Operator #104),67.3,-1.36,10.23826,78.4247,22.9,37.9,0.0,1332,7,90.3,0.33,0.24,20.5,NOMINAL
2026-09-30 22:34:41,TN 58 AA 4920,Arun Kumar (Operator #104),67.3,-0.02,10.24173,78.42619,22.9,37.9,0.0,1331,7,89.6,0.32,0.2,17.6,NOMINAL
2026-09-30 22:34:43,TN 58 AA 4920,Arun Kumar (Operator #104),70.6,1.66,10.2452,78.42768,22.9,38.2,0.0,1415,7,90.1,0.34,0.22,9.2,NOMINAL
2026-09-30 22:34:45,TN 58 AA 4920,Arun Kumar (Operator #104),71.9,0.66,10.24867,78.42917,22.9,41.2,0.0,1448,7,90.6,0.33,0.25,10.4,NOMINAL
2026-09-30 22:34:47,TN 58 AA 4920,Arun Kumar (Operator #104),67.4,-2.25,10.25215,78.43065,22.9,38.4,0.0,1334,7,90.0,0.35,0.25,10.6,NOMINAL
2026-09-30 22:34:49,TN 58 AA 4920,Arun Kumar (Operator #104),69.4,1.01,10.25562,78.43214,22.9,46.8,0.0,1385,7,90.4,0.31,0.19,15.1,NOMINAL
2026-09-30 22:34:51,TN 58 AA 4920,Arun Kumar (Operator #104),68.0,-0.72,10.25909,78.43363,22.9,47.4,0.0,1349,7,89.7,0.29,0.22,17.7,NOMINAL
2026-09-30 22:34:53,TN 58 AA 4920,Arun Kumar (Operator #104),69.0,0.5,10.26257,78.43512,22.9,45.3,0.0,1374,7,90.2,0.33,0.27,19.4,NOMINAL
2026-09-30 22:34:55,TN 58 AA 4920,Arun Kumar (Operator #104),69.4,0.2,10.26604,78.43661,22.9,46.8,0.0,1384,7,90.3,0.33,0.24,9.6,NOMINAL
2026-09-30 22:34:57,TN 58 AA 4920,Arun Kumar (Operator #104),71.0,0.82,10.26951,78.4381,22.9,36.8,0.0,1426,7,90.0,0.34,0.26,12.6,NOMINAL
2026-09-30 22:34:59,TN 58 AA 4920,Arun Kumar (Operator #104),69.1,-0.97,10.27299,78.43958,22.9,37.0,0.0,1376,7,90.6,0.3,0.2,10.5,NOMINAL
2026-09-30 22:35:01,TN 58 AA 4920,Arun Kumar (Operator #104),67.6,-0.74,10.27646,78.44107,22.9,35.4,0.0,1340,7,89.6,0.33,0.25,11.9,NOMINAL
2026-09-30 22:35:03,TN 58 AA 4920,Arun Kumar (Operator #104),71.4,1.88,10.27993,78.44256,22.9,46.7,0.0,1433,7,90.0,0.34,0.23,16.5,NOMINAL
2026-09-30 22:35:05,TN 58 AA 4920,Arun Kumar (Operator #104),70.4,-0.51,10.28341,78.44405,22.9,47.2,0.0,1409,7,90.2,0.3,0.2,11.9,NOMINAL
2026-09-30 22:35:07,TN 58 AA 4920,Arun Kumar (Operator #104),72.1,0.84,10.28688,78.44554,22.9,40.0,0.0,1452,7,90.6,0.31,0.23,19.5,NOMINAL
2026-09-30 22:35:09,TN 58 AA 4920,Arun Kumar (Operator #104),72.4,0.15,10.29035,78.44703,22.9,36.9,0.0,1459,7,90.5,0.32,0.2,10.2,NOMINAL
2026-09-30 22:35:11,TN 58 AA 4920,Arun Kumar (Operator #104),71.1,-0.63,10.29383,78.44851,22.9,37.3,0.0,1428,7,89.9,0.32,0.19,20.2,NOMINAL
2026-09-30 22:35:13,TN 58 AA 4920,Arun Kumar (Operator #104),69.2,-0.97,10.2973,78.45,22.9,45.5,0.0,1379,7,90.0,0.31,0.18,20.5,NOMINAL
2026-09-30 22:35:15,TN 58 AA 4920,Arun Kumar (Operator #104),73.7,2.27,10.30077,78.45149,22.9,38.5,0.0,1493,7,90.0,0.32,0.26,19.4,NOMINAL
2026-09-30 22:35:17,TN 58 AA 4920,Arun Kumar (Operator #104),73.9,0.08,10.30425,78.45298,22.9,40.3,0.0,1496,7,90.4,0.3,0.23,21.6,NOMINAL
2026-09-30 22:35:19,TN 58 AA 4920,Arun Kumar (Operator #104),72.0,-0.96,10.30772,78.45447,22.9,38.1,0.0,1449,7,89.9,0.3,0.21,16.3,NOMINAL
2026-09-30 22:35:21,TN 58 AA 4920,Arun Kumar (Operator #104),67.6,-2.2,10.31119,78.45596,22.9,38.0,0.0,1340,7,90.2,0.31,0.2,21.8,NOMINAL
2026-09-30 22:35:23,TN 58 AA 4920,Arun Kumar (Operator #104),72.5,2.45,10.31467,78.45745,22.9,45.9,0.0,1462,7,90.0,0.3,0.21,8.3,NOMINAL
2026-09-30 22:35:25,TN 58 AA 4920,Arun Kumar (Operator #104),68.3,-2.11,10.31814,78.45893,22.9,39.2,0.0,1357,7,90.1,0.34,0.22,10.2,NOMINAL
2026-09-30 22:35:27,TN 58 AA 4920,Arun Kumar (Operator #104),67.7,-0.3,10.32161,78.46042,22.9,35.5,0.0,1342,7,90.3,0.33,0.25,13.0,NOMINAL
2026-09-30 22:35:29,TN 58 AA 4920,Arun Kumar (Operator #104),69.6,0.97,10.32509,78.46191,22.9,44.2,0.0,1391,7,90.6,0.3,0.24,19.6,NOMINAL
2026-09-30 22:35:31,TN 58 AA 4920,Arun Kumar (Operator #104),72.2,1.3,10.32856,78.4634,22.9,42.0,0.0,1454,7,90.3,0.33,0.24,20.1,NOMINAL
2026-09-30 22:35:33,TN 58 AA 4920,Arun Kumar (Operator #104),68.5,-1.84,10.33203,78.46489,22.9,45.0,0.0,1362,7,89.9,0.32,0.22,14.4,NOMINAL
2026-09-30 22:35:35,TN 58 AA 4920,Arun Kumar (Operator #104),73.0,2.23,10.33551,78.46638,22.9,39.2,0.0,1473,7,90.3,0.29,0.23,8.6,NOMINAL
2026-09-30 22:35:37,TN 58 AA 4920,Arun Kumar (Operator #104),68.7,-2.14,10.33898,78.46786,22.9,38.5,0.0,1368,7,90.0,0.32,0.2,9.8,NOMINAL
2026-09-30 22:35:39,TN 58 AA 4920,Arun Kumar (Operator #104),72.9,2.11,10.34245,78.46935,22.9,43.1,0.0,1473,7,90.0,0.35,0.24,8.9,NOMINAL
2026-09-30 22:35:41,TN 58 AA 4920,Arun Kumar (Operator #104),69.0,-1.94,10.34593,78.47084,22.9,35.3,0.0,1375,7,89.7,0.3,0.23,21.7,NOMINAL
2026-09-30 22:35:43,TN 58 AA 4920,Arun Kumar (Operator #104),71.6,1.29,10.3494,78.47233,22.9,37.9,0.0,1439,7,90.0,0.28,0.18,21.9,NOMINAL
2026-09-30 22:35:45,TN 58 AA 4920,Arun Kumar (Operator #104),72.1,0.25,10.35287,78.47382,22.9,35.8,0.0,1452,7,90.0,0.31,0.22,10.9,NOMINAL
2026-09-30 22:35:47,TN 58 AA 4920,Arun Kumar (Operator #104),71.3,-0.41,10.35635,78.47531,22.9,47.9,0.0,1431,7,90.5,0.3,0.24,13.3,NOMINAL
2026-09-30 22:35:49,TN 58 AA 4920,Arun Kumar (Operator #104),73.8,1.25,10.35982,78.47679,22.9,39.5,0.0,1494,7,90.8,0.34,0.23,11.6,NOMINAL
2026-09-30 22:35:51,TN 58 AA 4920,Arun Kumar (Operator #104),69.1,-2.34,10.36329,78.47828,22.9,40.1,0.0,1378,7,90.5,0.29,0.23,13.2,NOMINAL
2026-09-30 22:35:53,TN 58 AA 4920,Arun Kumar (Operator #104),67.9,-0.6,10.36677,78.47977,22.9,36.1,0.0,1347,7,90.3,0.34,0.19,8.9,NOMINAL
2026-09-30 22:35:55,TN 58 AA 4920,Arun Kumar (Operator #104),68.6,0.33,10.36938,78.48056,14.8,42.5,0.0,1364,7,90.2,0.32,0.25,13.8,NOMINAL
2026-09-30 22:35:57,TN 58 AA 4920,Arun Kumar (Operator #104),69.6,0.48,10.37183,78.48122,14.8,41.8,0.0,1389,7,90.3,0.3,0.23,11.3,NOMINAL
2026-09-30 22:35:59,TN 58 AA 4920,Arun Kumar (Operator #104),71.1,0.74,10.37429,78.48188,14.8,46.8,0.0,1426,7,90.3,0.35,0.25,19.5,NOMINAL
2026-09-30 22:36:01,TN 58 AA 4920,Arun Kumar (Operator #104),72.6,0.76,10.37675,78.48255,14.8,46.3,0.0,1465,7,90.7,0.33,0.2,15.3,NOMINAL
2026-09-30 22:36:03,TN 58 AA 4920,Arun Kumar (Operator #104),72.2,-0.18,10.3792,78.48321,14.8,45.9,0.0,1455,7,90.8,0.28,0.25,18.7,NOMINAL
2026-09-30 22:36:05,TN 58 AA 4920,Arun Kumar (Operator #104),67.5,-2.34,10.38166,78.48387,14.8,37.5,0.0,1338,7,89.6,0.32,0.21,19.3,NOMINAL
2026-09-30 22:36:07,TN 58 AA 4920,Arun Kumar (Operator #104),73.2,2.87,10.38412,78.48453,14.8,45.7,0.0,1480,7,90.3,0.31,0.26,12.5,NOMINAL
2026-09-30 22:36:09,TN 58 AA 4920,Arun Kumar (Operator #104),67.5,-2.86,10.38657,78.48519,14.8,44.1,0.0,1336,7,89.6,0.33,0.25,9.7,NOMINAL
2026-09-30 22:36:11,TN 58 AA 4920,Arun Kumar (Operator #104),71.0,1.73,10.38903,78.48586,14.8,36.6,0.0,1423,7,90.4,0.34,0.21,16.1,NOMINAL
2026-09-30 22:36:13,TN 58 AA 4920,Arun Kumar (Operator #104),72.0,0.49,10.39149,78.48652,14.8,45.0,0.0,1449,7,90.6,0.32,0.24,10.6,NOMINAL
2026-09-30 22:36:15,TN 58 AA 4920,Arun Kumar (Operator #104),72.1,0.05,10.39394,78.48718,14.8,45.6,0.0,1452,7,89.9,0.31,0.2,18.9,NOMINAL
2026-09-30 22:36:17,TN 58 AA 4920,Arun Kumar (Operator #104),73.0,0.45,10.3964,78.48784,14.8,41.7,0.0,1475,7,90.7,0.29,0.23,13.2,NOMINAL
2026-09-30 22:36:19,TN 58 AA 4920,Arun Kumar (Operator #104),69.5,-1.75,10.39885,78.4885,14.8,42.0,0.0,1387,7,90.4,0.33,0.2,16.9,NOMINAL
2026-09-30 22:36:21,TN 58 AA 4920,Arun Kumar (Operator #104),69.7,0.11,10.40131,78.48917,14.8,40.7,0.0,1392,7,90.1,0.31,0.23,14.1,NOMINAL
2026-09-30 22:36:23,TN 58 AA 4920,Arun Kumar (Operator #104),71.2,0.76,10.40377,78.48983,14.8,41.2,0.0,1430,7,89.9,0.35,0.26,17.6,NOMINAL
2026-09-30 22:36:25,TN 58 AA 4920,Arun Kumar (Operator #104),72.8,0.78,10.40622,78.49049,14.8,44.3,0.0,1468,7,90.7,0.3,0.25,19.2,NOMINAL
2026-09-30 22:36:27,TN 58 AA 4920,Arun Kumar (Operator #104),70.5,-1.17,10.40868,78.49115,14.8,40.6,0.0,1411,7,90.1,0.29,0.21,14.2,NOMINAL
2026-09-30 22:36:29,TN 58 AA 4920,Arun Kumar (Operator #104),72.6,1.05,10.41114,78.49181,14.8,42.4,0.0,1465,7,90.5,0.33,0.22,10.7,NOMINAL
2026-09-30 22:36:31,TN 58 AA 4920,Arun Kumar (Operator #104),67.8,-2.38,10.41359,78.49248,14.8,35.5,0.0,1345,7,90.3,0.33,0.23,11.0,NOMINAL
2026-09-30 22:36:33,TN 58 AA 4920,Arun Kumar (Operator #104),68.7,0.47,10.41605,78.49314,14.8,47.3,0.0,1368,7,90.6,0.33,0.19,13.4,NOMINAL
2026-09-30 22:36:35,TN 58 AA 4920,Arun Kumar (Operator #104),71.1,1.19,10.41851,78.4938,14.8,46.0,0.0,1426,7,90.0,0.35,0.27,11.9,NOMINAL
2026-09-30 22:36:37,TN 58 AA 4920,Arun Kumar (Operator #104),72.5,0.71,10.42096,78.49446,14.8,47.0,0.0,1463,7,90.4,0.3,0.18,18.6,NOMINAL
2026-09-30 22:36:39,TN 58 AA 4920,Arun Kumar (Operator #104),67.5,-2.48,10.42342,78.49512,14.8,47.5,0.0,1338,7,89.9,0.3,0.27,8.7,NOMINAL
2026-09-30 22:36:41,TN 58 AA 4920,Arun Kumar (Operator #104),68.3,0.42,10.42587,78.49579,14.8,41.3,0.0,1358,7,90.1,0.31,0.26,12.0,NOMINAL
2026-09-30 22:36:43,TN 58 AA 4920,Arun Kumar (Operator #104),69.2,0.47,10.42833,78.49645,14.8,42.4,0.0,1380,7,90.2,0.3,0.24,13.7,NOMINAL
2026-09-30 22:36:45,TN 58 AA 4920,Arun Kumar (Operator #104),73.4,2.09,10.43079,78.49711,14.8,41.8,0.0,1484,7,90.6,0.3,0.19,8.5,NOMINAL
2026-09-30 22:36:47,TN 58 AA 4920,Arun Kumar (Operator #104),72.1,-0.65,10.43324,78.49777,14.8,44.4,0.0,1452,7,90.5,0.29,0.19,13.2,NOMINAL
2026-09-30 22:36:49,TN 58 AA 4920,Arun Kumar (Operator #104),72.2,0.07,10.4357,78.49843,14.8,36.1,0.0,1456,7,90.0,0.32,0.22,14.0,NOMINAL
2026-09-30 22:36:51,TN 58 AA 4920,Arun Kumar (Operator #104),69.1,-1.53,10.43816,78.4991,14.8,43.6,0.0,1378,7,90.6,0.3,0.25,14.1,NOMINAL
2026-09-30 22:36:53,TN 58 AA 4920,Arun Kumar (Operator #104),71.3,1.12,10.44061,78.49976,14.8,35.2,0.0,1433,7,89.8,0.32,0.19,17.1,NOMINAL
2026-09-30 22:36:55,TN 58 AA 4920,Arun Kumar (Operator #104),67.1,-2.11,10.44307,78.50042,14.8,39.2,0.0,1326,7,90.2,0.32,0.21,15.8,NOMINAL
2026-09-30 22:36:57,TN 58 AA 4920,Arun Kumar (Operator #104),68.3,0.6,10.44553,78.50108,14.8,47.2,0.0,1357,7,89.7,0.33,0.21,17.2,NOMINAL
2026-09-30 22:36:59,TN 58 AA 4920,Arun Kumar (Operator #104),68.4,0.04,10.44798,78.50174,14.8,43.9,0.0,1359,7,90.2,0.34,0.22,14.5,NOMINAL
2026-09-30 22:37:01,TN 58 AA 4920,Arun Kumar (Operator #104),73.5,2.55,10.45044,78.50241,14.8,44.4,0.0,1487,7,90.9,0.34,0.23,14.5,NOMINAL
2026-09-30 22:37:03,TN 58 AA 4920,Arun Kumar (Operator #104),72.3,-0.58,10.45289,78.50307,14.8,39.9,0.0,1458,7,89.9,0.31,0.23,8.2,NOMINAL
2026-09-30 22:37:05,TN 58 AA 4920,Arun Kumar (Operator #104),67.6,-2.36,10.45535,78.50373,14.8,43.1,0.0,1339,7,90.0,0.32,0.23,8.0,NOMINAL
2026-09-30 22:37:07,TN 58 AA 4920,Arun Kumar (Operator #104),71.1,1.75,10.45781,78.50439,14.8,35.8,0.0,1427,7,90.0,0.3,0.23,20.3,NOMINAL
2026-09-30 22:37:09,TN 58 AA 4920,Arun Kumar (Operator #104),72.9,0.91,10.46026,78.50505,14.8,47.7,0.0,1472,7,90.3,0.28,0.23,8.4,NOMINAL
2026-09-30 22:37:11,TN 58 AA 4920,Arun Kumar (Operator #104),70.2,-1.33,10.46272,78.50571,14.8,43.7,0.0,1406,7,90.6,0.33,0.26,11.1,NOMINAL
2026-09-30 22:37:13,TN 58 AA 4920,Arun Kumar (Operator #104),71.3,0.53,10.46518,78.50638,14.8,42.3,0.0,1431,7,90.7,0.35,0.22,18.2,NOMINAL
2026-09-30 22:37:15,TN 58 AA 4920,Arun Kumar (Operator #104),67.7,-1.79,10.46763,78.50704,14.8,44.7,0.0,1342,7,90.4,0.35,0.24,21.2,NOMINAL
2026-09-30 22:37:17,TN 58 AA 4920,Arun Kumar (Operator #104),68.4,0.34,10.47009,78.5077,14.8,47.7,0.0,1359,7,89.9,0.34,0.21,12.8,NOMINAL
2026-09-30 22:37:19,TN 58 AA 4920,Arun Kumar (Operator #104),71.7,1.66,10.47255,78.50836,14.8,39.2,0.0,1443,7,90.1,0.31,0.22,10.0,NOMINAL
2026-09-30 22:37:21,TN 58 AA 4920,Arun Kumar (Operator #104),71.8,0.05,10.475,78.50902,14.8,45.8,0.0,1445,7,90.3,0.3,0.24,13.3,NOMINAL
2026-09-30 22:37:23,TN 58 AA 4920,Arun Kumar (Operator #104),68.9,-1.47,10.47746,78.50969,14.8,39.8,0.0,1371,7,90.6,0.32,0.21,21.4,NOMINAL
2026-09-30 22:37:25,TN 58 AA 4920,Arun Kumar (Operator #104),70.0,0.57,10.47991,78.51035,14.8,44.1,0.0,1400,7,90.1,0.31,0.24,21.8,NOMINAL
2026-09-30 22:37:27,TN 58 AA 4920,Arun Kumar (Operator #104),70.1,0.06,10.48237,78.51101,14.8,44.2,0.0,1403,7,90.1,0.32,0.19,21.8,NOMINAL
2026-09-30 22:37:29,TN 58 AA 4920,Arun Kumar (Operator #104),67.9,-1.12,10.48483,78.51167,14.8,41.7,0.0,1346,7,90.0,0.31,0.18,21.7,NOMINAL
2026-09-30 22:37:31,TN 58 AA 4920,Arun Kumar (Operator #104),67.1,-0.41,10.48728,78.51233,14.8,45.0,0.0,1327,7,89.8,0.34,0.25,14.5,NOMINAL
2026-09-30 22:37:33,TN 58 AA 4920,Arun Kumar (Operator #104),71.6,2.26,10.48974,78.513,14.8,47.2,0.0,1440,7,90.5,0.3,0.19,18.5,NOMINAL
2026-09-30 22:37:35,TN 58 AA 4920,Arun Kumar (Operator #104),69.0,-1.3,10.4922,78.51366,14.8,43.6,0.0,1374,7,89.9,0.35,0.19,13.4,NOMINAL
2026-09-30 22:37:37,TN 58 AA 4920,Arun Kumar (Operator #104),69.4,0.22,10.49465,78.51432,14.8,40.1,0.0,1386,7,90.6,0.35,0.22,20.1,NOMINAL
2026-09-30 22:37:39,TN 58 AA 4920,Arun Kumar (Operator #104),67.9,-0.77,10.49711,78.51498,14.8,46.7,0.0,1346,7,90.0,0.3,0.25,16.9,NOMINAL
2026-09-30 22:37:41,TN 58 AA 4920,Arun Kumar (Operator #104),72.0,2.05,10.49957,78.51564,14.8,46.8,0.0,1450,7,90.7,0.33,0.22,14.0,NOMINAL
2026-09-30 22:37:43,TN 58 AA 4920,Arun Kumar (Operator #104),71.1,-0.45,10.50202,78.51631,14.8,42.8,0.0,1427,7,90.0,0.29,0.26,9.3,NOMINAL
2026-09-30 22:37:45,TN 58 AA 4920,Arun Kumar (Operator #104),71.5,0.19,10.50448,78.51697,14.8,37.1,0.0,1436,7,90.0,0.34,0.19,18.4,NOMINAL
2026-09-30 22:37:47,TN 58 AA 4920,Arun Kumar (Operator #104),73.3,0.89,10.50693,78.51763,14.8,44.2,0.0,1482,7,90.9,0.32,0.24,18.9,NOMINAL
2026-09-30 22:37:49,TN 58 AA 4920,Arun Kumar (Operator #104),68.2,-2.55,10.50939,78.51829,14.8,38.7,0.0,1354,7,89.9,0.3,0.19,19.1,NOMINAL
2026-09-30 22:37:51,TN 58 AA 4920,Arun Kumar (Operator #104),68.7,0.24,10.51185,78.51895,14.8,47.9,0.0,1366,7,89.8,0.34,0.25,14.4,NOMINAL
2026-09-30 22:37:53,TN 58 AA 4920,Arun Kumar (Operator #104),69.2,0.26,10.5143,78.51962,14.8,37.0,0.0,1380,7,89.7,0.28,0.19,17.0,NOMINAL
2026-09-30 22:37:55,TN 58 AA 4920,Arun Kumar (Operator #104),71.4,1.08,10.51676,78.52028,14.8,42.1,0.0,1434,7,90.4,0.29,0.2,15.8,NOMINAL
2026-09-30 22:37:57,TN 58 AA 4920,Arun Kumar (Operator #104),67.4,-2.02,10.51922,78.52094,14.8,44.6,0.0,1334,7,89.8,0.3,0.21,12.1,NOMINAL
2026-09-30 22:37:59,TN 58 AA 4920,Arun Kumar (Operator #104),72.1,2.35,10.52167,78.5216,14.8,47.5,0.0,1452,7,90.2,0.34,0.21,18.0,NOMINAL
2026-09-30 22:38:01,TN 58 AA 4920,Arun Kumar (Operator #104),68.2,-1.97,10.52413,78.52226,14.8,42.4,0.0,1353,7,90.2,0.29,0.27,21.7,NOMINAL
2026-09-30 22:38:03,TN 58 AA 4920,Arun Kumar (Operator #104),67.0,-0.59,10.52659,78.52293,14.8,36.8,0.0,1325,7,90.4,0.3,0.25,13.1,NOMINAL
2026-09-30 22:38:05,TN 58 AA 4920,Arun Kumar (Operator #104),71.4,2.22,10.52904,78.52359,14.8,35.1,0.0,1435,7,90.1,0.32,0.26,10.3,NOMINAL
2026-09-30 22:38:07,TN 58 AA 4920,Arun Kumar (Operator #104),72.6,0.59,10.5315,78.52425,14.8,37.4,0.0,1464,7,90.8,0.29,0.25,10.2,NOMINAL
2026-09-30 22:38:09,TN 58 AA 4920,Arun Kumar (Operator #104),67.4,-2.62,10.53395,78.52491,14.8,40.7,0.0,1333,7,90.1,0.35,0.27,19.3,NOMINAL
2026-09-30 22:38:11,TN 58 AA 4920,Arun Kumar (Operator #104),70.8,1.68,10.53641,78.52557,14.8,39.6,0.0,1419,7,90.5,0.29,0.25,12.3,NOMINAL
2026-09-30 22:38:13,TN 58 AA 4920,Arun Kumar (Operator #104),73.0,1.1,10.53887,78.52624,14.8,43.2,0.0,1475,7,90.0,0.34,0.25,16.2,NOMINAL
2026-09-30 22:38:15,TN 58 AA 4920,Arun Kumar (Operator #104),71.7,-0.63,10.54132,78.5269,14.8,41.1,0.0,1443,7,90.3,0.34,0.18,13.9,NOMINAL
2026-09-30 22:38:17,TN 58 AA 4920,Arun Kumar (Operator #104),69.4,-1.16,10.54378,78.52756,14.8,40.2,0.0,1384,7,90.2,0.34,0.25,8.2,NOMINAL
2026-09-30 22:38:19,TN 58 AA 4920,Arun Kumar (Operator #104),67.6,-0.91,10.54624,78.52822,14.8,43.4,0.0,1339,7,89.8,0.34,0.2,11.3,NOMINAL
2026-09-30 22:38:21,TN 58 AA 4920,Arun Kumar (Operator #104),68.2,0.3,10.54869,78.52888,14.8,46.6,0.0,1354,7,89.7,0.3,0.19,10.5,NOMINAL
2026-09-30 22:38:23,TN 58 AA 4920,Arun Kumar (Operator #104),71.1,1.43,10.55115,78.52955,14.8,36.0,0.0,1426,7,90.4,0.32,0.26,11.6,NOMINAL
2026-09-30 22:38:25,TN 58 AA 4920,Arun Kumar (Operator #104),67.8,-1.67,10.55361,78.53021,14.8,40.4,0.0,1343,7,90.3,0.31,0.24,19.7,NOMINAL
2026-09-30 22:38:27,TN 58 AA 4920,Arun Kumar (Operator #104),71.9,2.06,10.55606,78.53087,14.8,39.1,0.0,1448,7,90.4,0.31,0.22,12.8,NOMINAL
2026-09-30 22:38:29,TN 58 AA 4920,Arun Kumar (Operator #104),68.0,-1.95,10.55852,78.53153,14.8,39.9,0.0,1350,7,89.9,0.34,0.2,20.1,NOMINAL
2026-09-30 22:38:31,TN 58 AA 4920,Arun Kumar (Operator #104),72.8,2.42,10.56097,78.53219,14.8,37.4,0.0,1470,7,89.9,0.29,0.21,11.1,NOMINAL
2026-09-30 22:38:33,TN 58 AA 4920,Arun Kumar (Operator #104),71.5,-0.64,10.56343,78.53286,14.8,47.3,0.0,1437,7,90.0,0.3,0.19,17.9,NOMINAL
2026-09-30 22:38:35,TN 58 AA 4920,Arun Kumar (Operator #104),71.3,-0.12,10.56589,78.53352,14.8,44.2,0.0,1431,7,90.2,0.29,0.19,11.6,NOMINAL
2026-09-30 22:38:37,TN 58 AA 4920,Arun Kumar (Operator #104),69.4,-0.96,10.56834,78.53418,14.8,41.2,0.0,1384,7,89.9,0.34,0.23,17.6,NOMINAL
2026-09-30 22:38:39,TN 58 AA 4920,Arun Kumar (Operator #104),67.6,-0.91,10.5708,78.53484,14.8,44.5,0.0,1339,7,89.8,0.32,0.19,20.7,NOMINAL
2026-09-30 22:38:41,TN 58 AA 4920,Arun Kumar (Operator #104),72.6,2.49,10.57326,78.5355,14.8,46.4,0.0,1464,7,89.9,0.33,0.2,9.8,NOMINAL
2026-09-30 22:38:43,TN 58 AA 4920,Arun Kumar (Operator #104),71.6,-0.48,10.57571,78.53617,14.8,39.7,0.0,1441,7,90.7,0.32,0.22,16.1,NOMINAL
2026-09-30 22:38:45,TN 58 AA 4920,Arun Kumar (Operator #104),69.8,-0.9,10.57817,78.53683,14.8,41.6,0.0,1394,7,89.8,0.34,0.24,21.9,NOMINAL
2026-09-30 22:38:47,TN 58 AA 4920,Arun Kumar (Operator #104),70.8,0.48,10.58063,78.53749,14.8,38.9,0.0,1419,7,90.2,0.33,0.26,18.7,NOMINAL
2026-09-30 22:38:49,TN 58 AA 4920,Arun Kumar (Operator #104),70.8,-0.0,10.58308,78.53815,14.8,45.5,0.0,1419,7,90.2,0.31,0.21,8.5,NOMINAL
2026-09-30 22:38:51,TN 58 AA 4920,Arun Kumar (Operator #104),70.8,0.02,10.58554,78.53881,14.8,42.2,0.0,1420,7,90.2,0.32,0.22,16.1,NOMINAL
2026-09-30 22:38:53,TN 58 AA 4920,Arun Kumar (Operator #104),73.5,1.33,10.58799,78.53948,14.8,46.9,0.0,1486,7,90.7,0.29,0.2,21.8,NOMINAL
2026-09-30 22:38:55,TN 58 AA 4920,Arun Kumar (Operator #104),69.6,-1.95,10.59045,78.54014,14.8,38.0,0.0,1390,7,90.4,0.33,0.22,10.7,NOMINAL
2026-09-30 22:38:57,TN 58 AA 4920,Arun Kumar (Operator #104),68.1,-0.73,10.59291,78.5408,14.8,36.2,0.0,1353,7,90.1,0.34,0.23,9.5,NOMINAL
2026-09-30 22:38:59,TN 58 AA 4920,Arun Kumar (Operator #104),73.9,2.89,10.59536,78.54146,14.8,46.6,0.0,1497,7,90.2,0.31,0.21,19.1,NOMINAL
2026-09-30 22:39:01,TN 58 AA 4920,Arun Kumar (Operator #104),67.4,-3.24,10.59782,78.54212,14.8,41.7,0.0,1335,7,90.2,0.32,0.23,11.5,NOMINAL
2026-09-30 22:39:03,TN 58 AA 4920,Arun Kumar (Operator #104),68.7,0.66,10.60028,78.54279,14.8,43.5,0.0,1367,7,90.1,0.3,0.2,13.6,NOMINAL
2026-09-30 22:39:05,TN 58 AA 4920,Arun Kumar (Operator #104),69.4,0.35,10.60273,78.54345,14.8,43.0,0.0,1385,7,90.0,0.33,0.2,16.1,NOMINAL
2026-09-30 22:39:07,TN 58 AA 4920,Arun Kumar (Operator #104),72.3,1.47,10.6048,78.54489,40.2,35.8,0.0,1458,7,90.2,0.31,0.23,14.8,NOMINAL
2026-09-30 22:39:09,TN 58 AA 4920,Arun Kumar (Operator #104),70.6,-0.86,10.60675,78.54657,40.2,44.8,0.0,1414,7,89.9,0.31,0.27,12.8,NOMINAL
2026-09-30 22:39:11,TN 58 AA 4920,Arun Kumar (Operator #104),70.8,0.12,10.6087,78.54824,40.2,43.2,0.0,1420,7,90.5,0.31,0.24,21.5,NOMINAL
2026-09-30 22:39:13,TN 58 AA 4920,Arun Kumar (Operator #104),72.9,1.06,10.61064,78.54992,40.2,45.7,0.0,1472,7,90.4,0.32,0.21,17.5,NOMINAL
2026-09-30 22:39:15,TN 58 AA 4920,Arun Kumar (Operator #104),72.6,-0.14,10.61259,78.5516,40.2,36.2,0.0,1465,7,90.3,0.3,0.23,20.1,NOMINAL
2026-09-30 22:39:17,TN 58 AA 4920,Arun Kumar (Operator #104),67.4,-2.58,10.61454,78.55327,40.2,44.3,0.0,1335,7,90.4,0.32,0.21,20.3,NOMINAL
2026-09-30 22:39:19,TN 58 AA 4920,Arun Kumar (Operator #104),70.4,1.5,10.61649,78.55495,40.2,41.9,0.0,1410,7,89.9,0.32,0.2,18.2,NOMINAL
2026-09-30 22:39:21,TN 58 AA 4920,Arun Kumar (Operator #104),69.3,-0.53,10.61844,78.55663,40.2,45.7,0.0,1383,7,90.0,0.34,0.25,8.8,NOMINAL
2026-09-30 22:39:23,TN 58 AA 4920,Arun Kumar (Operator #104),69.8,0.27,10.62039,78.5583,40.2,35.1,0.0,1396,7,90.4,0.3,0.26,21.7,NOMINAL
2026-09-30 22:39:25,TN 58 AA 4920,Arun Kumar (Operator #104),72.2,1.19,10.62233,78.55998,40.2,42.5,0.0,1454,7,90.0,0.32,0.19,17.8,NOMINAL
2026-09-30 22:39:27,TN 58 AA 4920,Arun Kumar (Operator #104),72.6,0.19,10.62428,78.56166,40.2,37.8,0.0,1464,7,90.1,0.32,0.19,15.3,NOMINAL
2026-09-30 22:39:29,TN 58 AA 4920,Arun Kumar (Operator #104),72.7,0.05,10.62623,78.56333,40.2,47.7,0.0,1467,7,90.6,0.31,0.26,12.0,NOMINAL
2026-09-30 22:39:31,TN 58 AA 4920,Arun Kumar (Operator #104),69.0,-1.87,10.62818,78.56501,40.2,43.7,0.0,1374,7,90.5,0.3,0.22,12.0,NOMINAL
2026-09-30 22:39:33,TN 58 AA 4920,Arun Kumar (Operator #104),71.2,1.12,10.63013,78.56669,40.2,44.9,0.0,1431,7,90.2,0.3,0.2,12.7,NOMINAL
2026-09-30 22:39:35,TN 58 AA 4920,Arun Kumar (Operator #104),71.4,0.09,10.63208,78.56836,40.2,44.0,0.0,1434,7,90.5,0.3,0.22,16.9,NOMINAL
2026-09-30 22:39:37,TN 58 AA 4920,Arun Kumar (Operator #104),72.6,0.6,10.63403,78.57004,40.2,45.0,0.0,1465,7,90.0,0.32,0.24,20.2,NOMINAL
2026-09-30 22:39:39,TN 58 AA 4920,Arun Kumar (Operator #104),69.3,-1.67,10.63597,78.57172,40.2,41.2,0.0,1381,7,89.8,0.31,0.18,9.6,NOMINAL
2026-09-30 22:39:41,TN 58 AA 4920,Arun Kumar (Operator #104),72.7,1.71,10.63792,78.5734,40.2,42.0,0.0,1468,7,90.4,0.33,0.27,11.8,NOMINAL
2026-09-30 22:39:43,TN 58 AA 4920,Arun Kumar (Operator #104),73.6,0.46,10.63987,78.57507,40.2,42.0,0.0,1490,7,90.1,0.35,0.27,13.1,NOMINAL
2026-09-30 22:39:45,TN 58 AA 4920,Arun Kumar (Operator #104),73.2,-0.19,10.64182,78.57675,40.2,43.5,0.0,1480,7,90.6,0.31,0.25,9.6,NOMINAL
2026-09-30 22:39:47,TN 58 AA 4920,Arun Kumar (Operator #104),72.1,-0.53,10.64377,78.57843,40.2,38.0,0.0,1453,7,90.4,0.3,0.2,14.7,NOMINAL
2026-09-30 22:39:49,TN 58 AA 4920,Arun Kumar (Operator #104),67.5,-2.29,10.64572,78.5801,40.2,43.3,0.0,1338,7,90.3,0.35,0.18,18.2,NOMINAL
2026-09-30 22:39:51,TN 58 AA 4920,Arun Kumar (Operator #104),70.3,1.41,10.64766,78.58178,40.2,40.0,0.0,1407,7,90.7,0.31,0.23,20.1,NOMINAL
2026-09-30 22:39:53,TN 58 AA 4920,Arun Kumar (Operator #104),68.3,-1.02,10.64961,78.58346,40.2,45.6,0.0,1356,7,90.5,0.31,0.23,20.8,NOMINAL
2026-09-30 22:39:55,TN 58 AA 4920,Arun Kumar (Operator #104),72.5,2.09,10.65156,78.58513,40.2,35.6,0.0,1461,7,90.7,0.33,0.2,15.9,NOMINAL
2026-09-30 22:39:57,TN 58 AA 4920,Arun Kumar (Operator #104),69.8,-1.33,10.65351,78.58681,40.2,44.0,0.0,1395,7,90.0,0.31,0.25,13.0,NOMINAL
2026-09-30 22:39:59,TN 58 AA 4920,Arun Kumar (Operator #104),71.9,1.03,10.65546,78.58849,40.2,43.2,0.0,1446,7,90.1,0.3,0.27,21.2,NOMINAL
2026-09-30 22:40:01,TN 58 AA 4920,Arun Kumar (Operator #104),67.4,-2.24,10.65741,78.59016,40.2,40.7,0.0,1335,7,90.4,0.32,0.23,17.2,NOMINAL
2026-09-30 22:40:03,TN 58 AA 4920,Arun Kumar (Operator #104),72.7,2.63,10.65936,78.59184,40.2,38.8,0.0,1466,7,90.4,0.29,0.22,20.2,NOMINAL
2026-09-30 22:40:05,TN 58 AA 4920,Arun Kumar (Operator #104),72.0,-0.35,10.6613,78.59352,40.2,44.9,0.0,1450,7,90.5,0.34,0.21,8.3,NOMINAL
2026-09-30 22:40:07,TN 58 AA 4920,Arun Kumar (Operator #104),68.1,-1.94,10.66325,78.59519,40.2,36.3,0.0,1352,7,89.7,0.32,0.21,18.5,NOMINAL
2026-09-30 22:40:09,TN 58 AA 4920,Arun Kumar (Operator #104),68.4,0.15,10.6652,78.59687,40.2,47.7,0.0,1360,7,90.4,0.32,0.19,18.5,NOMINAL
2026-09-30 22:40:11,TN 58 AA 4920,Arun Kumar (Operator #104),71.4,1.52,10.66715,78.59855,40.2,36.5,0.0,1435,7,90.0,0.33,0.26,11.6,NOMINAL
2026-09-30 22:40:13,TN 58 AA 4920,Arun Kumar (Operator #104),73.8,1.18,10.6691,78.60022,40.2,41.0,0.0,1493,7,90.5,0.33,0.25,14.3,NOMINAL
2026-09-30 22:40:15,TN 58 AA 4920,Arun Kumar (Operator #104),67.4,-3.2,10.67105,78.6019,40.2,44.9,0.0,1335,7,90.2,0.32,0.27,10.8,NOMINAL
2026-09-30 22:40:17,TN 58 AA 4920,Arun Kumar (Operator #104),69.3,0.94,10.67299,78.60358,40.2,46.8,0.0,1381,7,90.6,0.29,0.25,9.8,NOMINAL
2026-09-30 22:40:19,TN 58 AA 4920,Arun Kumar (Operator #104),68.6,-0.37,10.67494,78.60525,40.2,36.3,0.0,1363,7,90.1,0.3,0.22,10.8,NOMINAL
2026-09-30 22:40:21,TN 58 AA 4920,Arun Kumar (Operator #104),70.4,0.89,10.67689,78.60693,40.2,42.4,0.0,1409,7,90.4,0.32,0.26,16.1,NOMINAL
2026-09-30 22:40:23,TN 58 AA 4920,Arun Kumar (Operator #104),71.6,0.6,10.67884,78.60861,40.2,41.8,0.0,1439,7,90.2,0.28,0.19,17.2,NOMINAL
2026-09-30 22:40:25,TN 58 AA 4920,Arun Kumar (Operator #104),70.3,-0.63,10.68079,78.61028,40.2,42.0,0.0,1408,7,89.8,0.34,0.19,11.4,NOMINAL
2026-09-30 22:40:27,TN 58 AA 4920,Arun Kumar (Operator #104),73.9,1.82,10.68274,78.61196,40.2,42.7,0.0,1498,7,90.6,0.34,0.26,12.5,NOMINAL
2026-09-30 22:40:29,TN 58 AA 4920,Arun Kumar (Operator #104),69.9,-2.01,10.68468,78.61364,40.2,47.2,0.0,1397,7,90.2,0.3,0.26,19.2,NOMINAL
2026-09-30 22:40:31,TN 58 AA 4920,Arun Kumar (Operator #104),72.8,1.46,10.68663,78.61531,40.2,46.9,0.0,1470,7,90.3,0.31,0.21,8.6,NOMINAL
2026-09-30 22:40:33,TN 58 AA 4920,Arun Kumar (Operator #104),68.5,-2.14,10.68858,78.61699,40.2,45.9,0.0,1363,7,90.1,0.3,0.2,19.4,NOMINAL
2026-09-30 22:40:35,TN 58 AA 4920,Arun Kumar (Operator #104),69.1,0.32,10.69053,78.61867,40.2,44.6,0.0,1378,7,90.4,0.3,0.23,19.4,NOMINAL
2026-09-30 22:40:37,TN 58 AA 4920,Arun Kumar (Operator #104),72.6,1.74,10.69248,78.62034,40.2,35.8,0.0,1464,7,90.7,0.32,0.23,14.8,NOMINAL
2026-09-30 22:40:39,TN 58 AA 4920,Arun Kumar (Operator #104),72.5,-0.06,10.69443,78.62202,40.2,40.6,0.0,1462,7,90.6,0.34,0.23,21.4,NOMINAL
2026-09-30 22:40:41,TN 58 AA 4920,Arun Kumar (Operator #104),70.9,-0.78,10.69638,78.6237,40.2,40.3,0.0,1423,7,90.3,0.33,0.24,17.5,NOMINAL
2026-09-30 22:40:43,TN 58 AA 4920,Arun Kumar (Operator #104),68.3,-1.32,10.69832,78.62538,40.2,41.9,0.0,1356,7,90.5,0.28,0.24,9.8,NOMINAL
2026-09-30 22:40:45,TN 58 AA 4920,Arun Kumar (Operator #104),71.8,1.76,10.70027,78.62705,40.2,46.7,0.0,1445,7,90.4,0.3,0.21,9.5,NOMINAL
2026-09-30 22:40:47,TN 58 AA 4920,Arun Kumar (Operator #104),70.1,-0.87,10.70222,78.62873,40.2,41.6,0.0,1401,7,90.1,0.32,0.18,9.2,NOMINAL
2026-09-30 22:40:49,TN 58 AA 4920,Arun Kumar (Operator #104),72.8,1.35,10.70417,78.63041,40.2,41.2,0.0,1469,7,90.8,0.31,0.25,21.7,NOMINAL
2026-09-30 22:40:51,TN 58 AA 4920,Arun Kumar (Operator #104),68.5,-2.16,10.70612,78.63208,40.2,39.0,0.0,1361,7,89.9,0.29,0.25,21.9,NOMINAL
2026-09-30 22:40:53,TN 58 AA 4920,Arun Kumar (Operator #104),68.1,-0.2,10.70807,78.63376,40.2,38.2,0.0,1352,7,89.9,0.28,0.22,18.6,NOMINAL
2026-09-30 22:40:55,TN 58 AA 4920,Arun Kumar (Operator #104),71.9,1.88,10.71001,78.63544,40.2,36.9,0.0,1446,7,90.2,0.29,0.27,17.6,NOMINAL
2026-09-30 22:40:57,TN 58 AA 4920,Arun Kumar (Operator #104),70.5,-0.7,10.71196,78.63711,40.2,47.9,0.0,1412,7,90.0,0.31,0.22,14.9,NOMINAL
2026-09-30 22:40:59,TN 58 AA 4920,Arun Kumar (Operator #104),72.2,0.85,10.71391,78.63879,40.2,36.3,0.0,1454,7,90.3,0.31,0.23,17.6,NOMINAL
2026-09-30 22:41:01,TN 58 AA 4920,Arun Kumar (Operator #104),67.5,-2.33,10.71586,78.64047,40.2,40.8,0.0,1338,7,90.1,0.31,0.21,17.9,NOMINAL
2026-09-30 22:41:03,TN 58 AA 4920,Arun Kumar (Operator #104),69.6,1.07,10.71781,78.64214,40.2,35.4,0.0,1390,7,89.8,0.31,0.26,18.5,NOMINAL
2026-09-30 22:41:05,TN 58 AA 4920,Arun Kumar (Operator #104),70.8,0.58,10.71976,78.64382,40.2,39.1,0.0,1419,7,90.3,0.31,0.19,13.0,NOMINAL
2026-09-30 22:41:07,TN 58 AA 4920,Arun Kumar (Operator #104),72.0,0.61,10.72171,78.6455,40.2,36.3,0.0,1450,7,90.3,0.3,0.19,16.0,NOMINAL
2026-09-30 22:41:09,TN 58 AA 4920,Arun Kumar (Operator #104),68.3,-1.86,10.72365,78.64717,40.2,45.9,0.0,1356,7,89.9,0.33,0.25,10.2,NOMINAL
2026-09-30 22:41:11,TN 58 AA 4920,Arun Kumar (Operator #104),67.5,-0.4,10.7256,78.64885,40.2,42.1,0.0,1337,7,89.9,0.32,0.21,15.9,NOMINAL
2026-09-30 22:41:13,TN 58 AA 4920,Arun Kumar (Operator #104),67.4,-0.06,10.72755,78.65053,40.2,47.3,0.0,1334,7,89.8,0.33,0.2,11.3,NOMINAL
2026-09-30 22:41:15,TN 58 AA 4920,Arun Kumar (Operator #104),69.8,1.2,10.7295,78.6522,40.2,44.1,0.0,1395,7,90.1,0.32,0.21,21.7,NOMINAL
2026-09-30 22:41:17,TN 58 AA 4920,Arun Kumar (Operator #104),67.1,-1.34,10.73145,78.65388,40.2,45.0,0.0,1328,7,90.0,0.33,0.18,16.7,NOMINAL
2026-09-30 22:41:19,TN 58 AA 4920,Arun Kumar (Operator #104),72.4,2.65,10.7334,78.65556,40.2,41.5,0.0,1459,7,89.9,0.32,0.23,19.6,NOMINAL
2026-09-30 22:41:21,TN 58 AA 4920,Arun Kumar (Operator #104),69.4,-1.49,10.73534,78.65723,40.2,37.9,0.0,1385,7,89.8,0.33,0.25,15.5,NOMINAL
2026-09-30 22:41:23,TN 58 AA 4920,Arun Kumar (Operator #104),71.5,1.04,10.73729,78.65891,40.2,47.1,0.0,1437,7,89.8,0.32,0.21,12.0,NOMINAL
2026-09-30 22:41:25,TN 58 AA 4920,Arun Kumar (Operator #104),71.7,0.12,10.73924,78.66059,40.2,38.8,0.0,1443,7,90.4,0.33,0.21,13.9,NOMINAL
2026-09-30 22:41:27,TN 58 AA 4920,Arun Kumar (Operator #104),71.0,-0.35,10.74119,78.66226,40.2,44.1,0.0,1425,7,90.7,0.29,0.26,11.7,NOMINAL
2026-09-30 22:41:29,TN 58 AA 4920,Arun Kumar (Operator #104),67.5,-1.75,10.74314,78.66394,40.2,40.5,0.0,1337,7,90.2,0.33,0.24,16.8,NOMINAL
2026-09-30 22:41:31,TN 58 AA 4920,Arun Kumar (Operator #104),70.4,1.45,10.74509,78.66562,40.2,35.5,0.0,1409,7,90.0,0.34,0.23,10.2,NOMINAL
2026-09-30 22:41:33,TN 58 AA 4920,Arun Kumar (Operator #104),73.9,1.74,10.74703,78.66729,40.2,44.0,0.0,1496,7,90.2,0.28,0.19,14.9,NOMINAL
2026-09-30 22:41:35,TN 58 AA 4920,Arun Kumar (Operator #104),71.2,-1.33,10.74898,78.66897,40.2,39.6,0.0,1430,7,90.5,0.29,0.24,10.1,NOMINAL
2026-09-30 22:41:37,TN 58 AA 4920,Arun Kumar (Operator #104),70.4,-0.39,10.75093,78.67065,40.2,42.3,0.0,1410,7,90.5,0.35,0.19,18.7,NOMINAL
2026-09-30 22:41:39,TN 58 AA 4920,Arun Kumar (Operator #104),69.8,-0.28,10.75288,78.67233,40.2,42.5,0.0,1396,7,90.0,0.34,0.25,14.4,NOMINAL
2026-09-30 22:41:41,TN 58 AA 4920,Arun Kumar (Operator #104),73.2,1.71,10.75483,78.674,40.2,44.8,0.0,1480,7,90.6,0.32,0.2,11.1,NOMINAL
2026-09-30 22:41:43,TN 58 AA 4920,Arun Kumar (Operator #104),70.5,-1.33,10.75678,78.67568,40.2,47.5,0.0,1413,7,90.4,0.32,0.18,12.9,NOMINAL
2026-09-30 22:41:45,TN 58 AA 4920,Arun Kumar (Operator #104),68.1,-1.22,10.75873,78.67736,40.2,44.7,0.0,1351,7,90.0,0.33,0.26,8.1,NOMINAL
2026-09-30 22:41:47,TN 58 AA 4920,Arun Kumar (Operator #104),68.8,0.36,10.76067,78.67903,40.2,45.5,0.0,1370,7,90.3,0.32,0.22,19.7,NOMINAL
2026-09-30 22:41:49,TN 58 AA 4920,Arun Kumar (Operator #104),73.9,2.53,10.76262,78.68071,40.2,45.6,0.0,1496,7,90.5,0.31,0.21,12.0,NOMINAL
2026-09-30 22:41:51,TN 58 AA 4920,Arun Kumar (Operator #104),70.9,-1.48,10.76457,78.68239,40.2,37.1,0.0,1423,7,90.5,0.3,0.24,14.3,NOMINAL
2026-09-30 22:41:53,TN 58 AA 4920,Arun Kumar (Operator #104),68.3,-1.28,10.76652,78.68406,40.2,44.2,0.0,1358,7,90.4,0.34,0.2,14.5,NOMINAL
2026-09-30 22:41:55,TN 58 AA 4920,Arun Kumar (Operator #104),67.8,-0.23,10.76847,78.68574,40.2,44.1,0.0,1346,7,89.8,0.33,0.21,16.8,NOMINAL
2026-09-30 22:41:57,TN 58 AA 4920,Arun Kumar (Operator #104),73.8,2.99,10.77042,78.68742,40.2,45.9,0.0,1494,7,90.2,0.33,0.26,14.1,NOMINAL
2026-09-30 22:41:59,TN 58 AA 4920,Arun Kumar (Operator #104),67.3,-3.24,10.77236,78.68909,40.2,41.7,0.0,1332,7,89.6,0.3,0.23,18.9,NOMINAL
2026-09-30 22:42:01,TN 58 AA 4920,Arun Kumar (Operator #104),71.8,2.24,10.77431,78.69077,40.2,39.5,0.0,1444,7,90.6,0.3,0.2,14.8,NOMINAL
2026-09-30 22:42:03,TN 58 AA 4920,Arun Kumar (Operator #104),69.3,-1.23,10.77626,78.69245,40.2,46.7,0.0,1383,7,89.8,0.35,0.2,12.3,NOMINAL
2026-09-30 22:42:05,TN 58 AA 4920,Arun Kumar (Operator #104),72.7,1.72,10.77821,78.69412,40.2,47.5,0.0,1468,7,90.7,0.3,0.24,11.1,NOMINAL
2026-09-30 22:42:07,TN 58 AA 4920,Arun Kumar (Operator #104),72.7,0.01,10.78016,78.6958,40.2,45.3,0.0,1467,7,90.0,0.32,0.19,18.1,NOMINAL
2026-09-30 22:42:09,TN 58 AA 4920,Arun Kumar (Operator #104),70.8,-0.93,10.78211,78.69748,40.2,35.9,0.0,1420,7,89.9,0.29,0.27,10.8,NOMINAL
2026-09-30 22:42:11,TN 58 AA 4920,Arun Kumar (Operator #104),67.1,-1.86,10.78406,78.69915,40.2,38.1,0.0,1326,7,89.8,0.34,0.21,19.8,NOMINAL
2026-09-30 22:42:13,TN 58 AA 4920,Arun Kumar (Operator #104),71.0,1.93,10.786,78.70083,40.2,45.9,0.0,1424,7,90.4,0.31,0.22,17.6,NOMINAL
2026-09-30 22:42:15,TN 58 AA 4920,Arun Kumar (Operator #104),70.6,-0.18,10.78795,78.70251,40.2,38.4,0.0,1415,7,89.9,0.3,0.21,8.5,NOMINAL
2026-09-30 22:42:17,TN 58 AA 4920,Arun Kumar (Operator #104),73.8,1.59,10.7899,78.70418,40.2,36.1,0.0,1494,7,90.1,0.32,0.27,21.1,NOMINAL
2026-09-30 22:42:19,TN 58 AA 4920,Arun Kumar (Operator #104),70.0,-1.9,10.79146,78.70495,14.5,40.0,0.0,1399,7,90.0,0.3,0.27,18.5,NOMINAL
2026-09-30 22:42:21,TN 58 AA 4920,Arun Kumar (Operator #104),69.3,-0.36,10.79285,78.70532,14.5,44.7,0.0,1381,7,90.6,0.3,0.26,11.6,NOMINAL
2026-09-30 22:42:23,TN 58 AA 4920,Arun Kumar (Operator #104),67.8,-0.74,10.79424,78.70568,14.5,43.3,0.0,1345,7,90.0,0.31,0.27,14.9,NOMINAL
2026-09-30 22:42:25,TN 58 AA 4920,Arun Kumar (Operator #104),70.8,1.49,10.79562,78.70605,14.5,45.2,0.0,1419,7,90.5,0.32,0.19,19.5,NOMINAL
2026-09-30 22:42:27,TN 58 AA 4920,Arun Kumar (Operator #104),70.2,-0.29,10.79701,78.70641,14.5,38.9,0.0,1405,7,89.9,0.28,0.19,14.8,NOMINAL
2026-09-30 22:42:29,TN 58 AA 4920,Arun Kumar (Operator #104),72.7,1.25,10.7984,78.70677,14.5,42.7,0.0,1467,7,90.1,0.31,0.19,8.6,NOMINAL
2026-09-30 22:42:31,TN 58 AA 4920,Arun Kumar (Operator #104),70.2,-1.23,10.79979,78.70714,14.5,43.5,0.0,1405,7,90.7,0.34,0.24,8.7,NOMINAL
2026-09-30 22:42:33,TN 58 AA 4920,Arun Kumar (Operator #104),68.2,-1.0,10.80117,78.7075,14.5,42.0,0.0,1355,7,90.5,0.33,0.24,11.2,NOMINAL
2026-09-30 22:42:35,TN 58 AA 4920,Arun Kumar (Operator #104),72.4,2.12,10.80256,78.70787,14.5,42.4,0.0,1460,7,90.4,0.3,0.25,12.9,NOMINAL
2026-09-30 22:42:37,TN 58 AA 4920,Arun Kumar (Operator #104),69.1,-1.64,10.80395,78.70823,14.5,38.4,0.0,1378,7,90.3,0.29,0.25,20.5,NOMINAL
2026-09-30 22:42:39,TN 58 AA 4920,Arun Kumar (Operator #104),70.5,0.7,10.80533,78.7086,14.5,35.6,0.0,1412,7,90.7,0.33,0.22,18.5,NOMINAL
2026-09-30 22:42:41,TN 58 AA 4920,Arun Kumar (Operator #104),71.0,0.23,10.80672,78.70896,14.5,47.1,0.0,1423,7,90.3,0.29,0.19,17.8,NOMINAL
2026-09-30 22:42:43,TN 58 AA 4920,Arun Kumar (Operator #104),67.8,-1.58,10.80811,78.70932,14.5,38.3,0.0,1345,7,89.7,0.33,0.23,15.6,NOMINAL
2026-09-30 22:42:45,TN 58 AA 4920,Arun Kumar (Operator #104),71.3,1.77,10.8095,78.70969,14.5,43.6,0.0,1433,7,90.5,0.31,0.18,8.3,NOMINAL
2026-09-30 22:42:47,TN 58 AA 4920,Arun Kumar (Operator #104),67.1,-2.12,10.81088,78.71005,14.5,43.1,0.0,1326,7,89.9,0.34,0.26,21.9,NOMINAL
2026-09-30 22:42:49,TN 58 AA 4920,Arun Kumar (Operator #104),72.9,2.89,10.81227,78.71042,14.5,44.0,0.0,1471,7,90.5,0.3,0.27,19.9,NOMINAL
2026-09-30 22:42:51,TN 58 AA 4920,Arun Kumar (Operator #104),73.0,0.06,10.81366,78.71078,14.5,45.3,0.0,1475,7,90.8,0.33,0.26,8.0,NOMINAL
2026-09-30 22:42:53,TN 58 AA 4920,Arun Kumar (Operator #104),68.7,-2.14,10.81505,78.71115,14.5,37.8,0.0,1367,7,90.2,0.3,0.19,14.1,NOMINAL
2026-09-30 22:42:55,TN 58 AA 4920,Arun Kumar (Operator #104),69.0,0.15,10.81643,78.71151,14.5,36.4,0.0,1375,7,90.5,0.3,0.19,19.3,NOMINAL
2026-09-30 22:42:57,TN 58 AA 4920,Arun Kumar (Operator #104),71.6,1.31,10.81782,78.71187,14.5,43.2,0.0,1440,7,90.4,0.29,0.25,16.6,NOMINAL
2026-09-30 22:42:59,TN 58 AA 4920,Arun Kumar (Operator #104),67.4,-2.09,10.81921,78.71224,14.5,41.4,0.0,1335,7,90.1,0.29,0.22,19.7,NOMINAL
2026-09-30 22:43:01,TN 58 AA 4920,Arun Kumar (Operator #104),68.7,0.64,10.8206,78.7126,14.5,45.3,0.0,1366,7,89.9,0.28,0.21,18.0,NOMINAL
2026-09-30 22:43:03,TN 58 AA 4920,Arun Kumar (Operator #104),70.8,1.06,10.82198,78.71297,14.5,47.2,0.0,1420,7,89.9,0.29,0.24,12.3,NOMINAL
2026-09-30 22:43:05,TN 58 AA 4920,Arun Kumar (Operator #104),71.1,0.17,10.82337,78.71333,14.5,37.3,0.0,1428,7,90.7,0.29,0.26,8.3,NOMINAL
2026-09-30 22:43:07,TN 58 AA 4920,Arun Kumar (Operator #104),73.1,1.01,10.82476,78.7137,14.5,42.3,0.0,1477,7,90.3,0.33,0.18,15.6,NOMINAL
2026-09-30 22:43:09,TN 58 AA 4920,Arun Kumar (Operator #104),67.7,-2.71,10.82615,78.71406,14.5,47.0,0.0,1341,7,89.6,0.3,0.25,19.2,NOMINAL
2026-09-30 22:43:11,TN 58 AA 4920,Arun Kumar (Operator #104),69.3,0.82,10.82753,78.71442,14.5,42.5,0.0,1383,7,90.3,0.32,0.26,14.4,NOMINAL
2026-09-30 22:43:13,TN 58 AA 4920,Arun Kumar (Operator #104),69.3,-0.02,10.82892,78.71479,14.5,45.7,0.0,1381,7,89.9,0.28,0.27,19.0,NOMINAL
2026-09-30 22:43:15,TN 58 AA 4920,Arun Kumar (Operator #104),71.1,0.89,10.83031,78.71515,14.5,38.3,0.0,1427,7,89.8,0.32,0.23,11.6,NOMINAL
2026-09-30 22:43:17,TN 58 AA 4920,Arun Kumar (Operator #104),73.3,1.08,10.8317,78.71552,14.5,43.2,0.0,1481,7,90.1,0.29,0.19,10.2,NOMINAL
2026-09-30 22:43:19,TN 58 AA 4920,Arun Kumar (Operator #104),70.8,-1.25,10.83308,78.71588,14.5,41.1,0.0,1419,7,90.1,0.32,0.22,10.7,NOMINAL
2026-09-30 22:43:21,TN 58 AA 4920,Arun Kumar (Operator #104),69.6,-0.6,10.83447,78.71625,14.5,47.3,0.0,1390,7,90.1,0.3,0.25,17.7,NOMINAL
2026-09-30 22:43:23,TN 58 AA 4920,Arun Kumar (Operator #104),68.5,-0.55,10.83586,78.71661,14.5,42.2,0.0,1362,7,90.3,0.32,0.19,16.4,NOMINAL
2026-09-30 22:43:25,TN 58 AA 4920,Arun Kumar (Operator #104),72.9,2.18,10.83725,78.71697,14.5,36.7,0.0,1471,7,90.3,0.28,0.23,19.4,NOMINAL
2026-09-30 22:43:27,TN 58 AA 4920,Arun Kumar (Operator #104),70.3,-1.31,10.83863,78.71734,14.5,40.9,0.0,1407,7,90.5,0.28,0.2,10.6,NOMINAL
2026-09-30 22:43:29,TN 58 AA 4920,Arun Kumar (Operator #104),79.6,4.67,10.84002,78.7177,14.5,45.0,0.0,1550,7,90.5,0.13,0.22,84.9,CRITICAL
2026-09-30 22:43:31,TN 58 AA 4920,Arun Kumar (Operator #104),79.8,0.09,10.84141,78.71807,14.5,45.0,0.0,1550,7,90.5,0.15,0.26,88.9,CRITICAL
2026-09-30 22:43:33,TN 58 AA 4920,Arun Kumar (Operator #104),78.4,-0.69,10.8428,78.71843,14.5,45.0,0.0,1550,7,90.7,0.16,0.23,84.3,CRITICAL
2026-09-30 22:43:35,TN 58 AA 4920,Arun Kumar (Operator #104),80.8,1.18,10.84418,78.7188,14.5,45.0,0.0,1550,7,90.6,0.14,0.2,91.7,CRITICAL
2026-09-30 22:43:37,TN 58 AA 4920,Arun Kumar (Operator #104),79.2,-0.79,10.84557,78.71916,14.5,45.0,0.0,1550,7,90.4,0.12,0.28,79.2,CRITICAL
2026-09-30 22:43:39,TN 58 AA 4920,Arun Kumar (Operator #104),81.3,1.03,10.84696,78.71952,14.5,45.0,0.0,1550,7,91.3,0.11,0.24,85.7,CRITICAL
2026-09-30 22:43:41,TN 58 AA 4920,Arun Kumar (Operator #104),81.9,0.32,10.84835,78.71989,14.5,45.0,0.0,1550,7,91.2,0.1,0.22,87.3,CRITICAL
2026-09-30 22:43:43,TN 58 AA 4920,Arun Kumar (Operator #104),78.9,-1.48,10.84973,78.72025,14.5,45.0,0.0,1550,7,90.5,0.15,0.21,79.2,CRITICAL
2026-09-30 22:43:45,TN 58 AA 4920,Arun Kumar (Operator #104),81.1,1.11,10.85112,78.72062,14.5,45.0,0.0,1550,7,90.8,0.13,0.27,79.9,CRITICAL
2026-09-30 22:43:47,TN 58 AA 4920,Arun Kumar (Operator #104),78.4,-1.36,10.85251,78.72098,14.5,45.0,0.0,1550,7,90.8,0.12,0.26,82.7,CRITICAL
2026-09-30 22:43:49,TN 58 AA 4920,Arun Kumar (Operator #104),78.3,-0.05,10.85389,78.72135,14.5,45.0,0.0,1550,7,90.5,0.12,0.25,90.6,CRITICAL
2026-09-30 22:43:51,TN 58 AA 4920,Arun Kumar (Operator #104),79.4,0.54,10.85528,78.72171,14.5,45.0,0.0,1550,7,90.8,0.11,0.2,79.6,CRITICAL
2026-09-30 22:43:53,TN 58 AA 4920,Arun Kumar (Operator #104),81.9,1.23,10.85667,78.72207,14.5,45.0,0.0,1550,7,91.1,0.1,0.25,85.2,CRITICAL
2026-09-30 22:43:55,TN 58 AA 4920,Arun Kumar (Operator #104),79.3,-1.28,10.85806,78.72244,14.5,45.0,0.0,1550,7,91.1,0.1,0.26,77.3,CRITICAL
2026-09-30 22:43:57,TN 58 AA 4920,Arun Kumar (Operator #104),79.9,0.31,10.85944,78.7228,14.5,45.0,0.0,1550,7,90.8,0.14,0.25,75.7,CRITICAL
2026-09-30 22:43:59,TN 58 AA 4920,Arun Kumar (Operator #104),79.8,-0.05,10.86083,78.72317,14.5,45.0,0.0,1550,7,90.9,0.16,0.22,91.5,CRITICAL
2026-09-30 22:44:01,TN 58 AA 4920,Arun Kumar (Operator #104),81.7,0.96,10.86222,78.72353,14.5,45.0,0.0,1550,7,90.8,0.13,0.28,86.7,CRITICAL
2026-09-30 22:44:03,TN 58 AA 4920,Arun Kumar (Operator #104),79.7,-1.02,10.86361,78.7239,14.5,45.0,0.0,1550,7,91.1,0.14,0.26,76.2,CRITICAL
2026-09-30 22:44:05,TN 58 AA 4920,Arun Kumar (Operator #104),79.0,-0.34,10.86499,78.72426,14.5,45.0,0.0,1550,7,90.7,0.13,0.28,89.3,CRITICAL
2026-09-30 22:44:07,TN 58 AA 4920,Arun Kumar (Operator #104),79.8,0.39,10.86638,78.72462,14.5,45.0,0.0,1550,7,90.6,0.11,0.27,78.1,CRITICAL
2026-09-30 22:44:09,TN 58 AA 4920,Arun Kumar (Operator #104),80.7,0.46,10.86777,78.72499,14.5,45.0,0.0,1550,7,90.8,0.12,0.28,75.1,CRITICAL
2026-09-30 22:44:11,TN 58 AA 4920,Arun Kumar (Operator #104),78.8,-0.93,10.86916,78.72535,14.5,45.0,0.0,1550,7,90.4,0.11,0.26,82.6,CRITICAL
2026-09-30 22:44:13,TN 58 AA 4920,Arun Kumar (Operator #104),81.2,1.21,10.87054,78.72572,14.5,45.0,0.0,1550,7,91.0,0.14,0.26,86.5,CRITICAL
2026-09-30 22:44:15,TN 58 AA 4920,Arun Kumar (Operator #104),79.4,-0.9,10.87193,78.72608,14.5,45.0,0.0,1550,7,90.9,0.15,0.25,77.7,CRITICAL
2026-09-30 22:44:17,TN 58 AA 4920,Arun Kumar (Operator #104),81.6,1.09,10.87332,78.72645,14.5,45.0,0.0,1550,7,90.9,0.14,0.22,81.2,CRITICAL
2026-09-30 22:44:19,TN 58 AA 4920,Arun Kumar (Operator #104),81.9,0.15,10.87471,78.72681,14.5,45.0,0.0,1550,7,90.9,0.11,0.27,78.2,CRITICAL
2026-09-30 22:44:21,TN 58 AA 4920,Arun Kumar (Operator #104),81.5,-0.2,10.87609,78.72717,14.5,45.0,0.0,1550,7,90.7,0.15,0.25,86.0,CRITICAL
2026-09-30 22:44:23,TN 58 AA 4920,Arun Kumar (Operator #104),78.7,-1.39,10.87748,78.72754,14.5,45.0,0.0,1550,7,90.6,0.11,0.2,85.6,CRITICAL
2026-09-30 22:44:25,TN 58 AA 4920,Arun Kumar (Operator #104),81.9,1.6,10.87887,78.7279,14.5,45.0,0.0,1550,7,90.4,0.12,0.26,86.0,CRITICAL
2026-09-30 22:44:27,TN 58 AA 4920,Arun Kumar (Operator #104),81.0,-0.43,10.88026,78.72827,14.5,45.0,0.0,1550,7,91.2,0.11,0.24,91.6,CRITICAL
2026-09-30 22:44:29,TN 58 AA 4920,Arun Kumar (Operator #104),78.8,-1.1,10.88164,78.72863,14.5,45.0,0.0,1550,7,90.6,0.12,0.24,78.8,CRITICAL
2026-09-30 22:44:31,TN 58 AA 4920,Arun Kumar (Operator #104),78.5,-0.16,10.88303,78.729,14.5,45.0,0.0,1550,7,90.6,0.11,0.21,81.9,CRITICAL
2026-09-30 22:44:33,TN 58 AA 4920,Arun Kumar (Operator #104),80.5,1.02,10.88442,78.72936,14.5,45.0,0.0,1550,7,91.2,0.13,0.23,84.9,CRITICAL
2026-09-30 22:44:35,TN 58 AA 4920,Arun Kumar (Operator #104),81.8,0.63,10.88581,78.72972,14.5,45.0,0.0,1550,7,91.3,0.12,0.2,86.5,CRITICAL
2026-09-30 22:44:37,TN 58 AA 4920,Arun Kumar (Operator #104),80.1,-0.87,10.88719,78.73009,14.5,45.0,0.0,1550,7,90.8,0.14,0.24,82.6,CRITICAL
2026-09-30 22:44:39,TN 58 AA 4920,Arun Kumar (Operator #104),80.3,0.08,10.88858,78.73045,14.5,45.0,0.0,1550,7,91.1,0.11,0.23,86.6,CRITICAL
2026-09-30 22:44:41,TN 58 AA 4920,Arun Kumar (Operator #104),80.7,0.21,10.88997,78.73082,14.5,45.0,0.0,1550,7,91.2,0.13,0.27,91.3,CRITICAL
2026-09-30 22:44:43,TN 58 AA 4920,Arun Kumar (Operator #104),79.4,-0.66,10.89136,78.73118,14.5,45.0,0.0,1550,7,90.7,0.13,0.27,81.9,CRITICAL
2026-09-30 22:44:45,TN 58 AA 4920,Arun Kumar (Operator #104),80.1,0.33,10.89274,78.73155,14.5,45.0,0.0,1550,7,90.5,0.15,0.2,82.5,CRITICAL
2026-09-30 22:44:47,TN 58 AA 4920,Arun Kumar (Operator #104),78.8,-0.64,10.89413,78.73191,14.5,45.0,0.0,1550,7,90.3,0.16,0.22,90.2,CRITICAL
2026-09-30 22:44:49,TN 58 AA 4920,Arun Kumar (Operator #104),81.4,1.29,10.89552,78.73227,14.5,45.0,0.0,1550,7,90.7,0.12,0.21,85.8,CRITICAL
2026-09-30 22:44:51,TN 58 AA 4920,Arun Kumar (Operator #104),79.1,-1.16,10.89691,78.73264,14.5,45.0,0.0,1550,7,91.1,0.11,0.27,84.4,CRITICAL
2026-09-30 22:44:53,TN 58 AA 4920,Arun Kumar (Operator #104),79.7,0.29,10.89829,78.733,14.5,45.0,0.0,1550,7,90.7,0.12,0.2,77.4,CRITICAL
2026-09-30 22:44:55,TN 58 AA 4920,Arun Kumar (Operator #104),80.8,0.54,10.89968,78.73337,14.5,45.0,0.0,1550,7,90.6,0.11,0.25,79.4,CRITICAL
2026-09-30 22:44:57,TN 58 AA 4920,Arun Kumar (Operator #104),78.6,-1.09,10.90107,78.73373,14.5,45.0,0.0,1550,7,90.7,0.14,0.23,76.2,CRITICAL
2026-09-30 22:44:59,TN 58 AA 4920,Arun Kumar (Operator #104),78.6,-0.02,10.90245,78.7341,14.5,45.0,0.0,1550,7,90.3,0.12,0.2,84.9,CRITICAL
2026-09-30 22:45:01,TN 58 AA 4920,Arun Kumar (Operator #104),60.6,-9.0,10.90384,78.73446,14.5,0.0,85.0,1200,4,89.7,0.26,0.24,58.8,WARNING
2026-09-30 22:45:03,TN 58 AA 4920,Arun Kumar (Operator #104),42.6,-9.0,10.90523,78.73482,14.5,0.0,85.0,1200,4,88.1,0.31,0.28,63.1,WARNING
2026-09-30 22:45:05,TN 58 AA 4920,Arun Kumar (Operator #104),25.0,-8.8,10.90662,78.73519,14.5,0.0,85.0,1200,4,87.0,0.29,0.29,64.3,WARNING
2026-09-30 22:45:07,TN 58 AA 4920,Arun Kumar (Operator #104),25.0,0.0,10.908,78.73555,14.5,0.0,85.0,1200,4,87.6,0.31,0.23,65.0,WARNING
2026-09-30 22:45:09,TN 58 AA 4920,Arun Kumar (Operator #104),25.0,0.0,10.90939,78.73592,14.5,0.0,85.0,1200,4,87.7,0.32,0.3,56.7,WARNING
2026-09-30 22:45:11,TN 58 AA 4920,Arun Kumar (Operator #104),25.0,0.0,10.91078,78.73628,14.5,0.0,85.0,1200,4,87.8,0.26,0.25,64.7,WARNING
2026-09-30 22:45:13,TN 58 AA 4920,Arun Kumar (Operator #104),25.0,0.0,10.91217,78.73665,14.5,0.0,85.0,1200,4,87.8,0.25,0.25,55.2,WARNING
2026-09-30 22:45:15,TN 58 AA 4920,Arun Kumar (Operator #104),25.0,0.0,10.91355,78.73701,14.5,0.0,85.0,1200,4,87.3,0.29,0.27,65.0,WARNING
2026-09-30 22:45:17,TN 58 AA 4920,Arun Kumar (Operator #104),25.0,0.0,10.91494,78.73737,14.5,0.0,85.0,1200,4,87.0,0.28,0.25,63.2,WARNING
2026-09-30 22:45:19,TN 58 AA 4920,Arun Kumar (Operator #104),25.0,0.0,10.91633,78.73774,14.5,0.0,85.0,1200,4,87.2,0.27,0.26,62.7,WARNING
2026-09-30 22:45:21,TN 58 AA 4920,Arun Kumar (Operator #104),68.3,21.64,10.91772,78.7381,14.5,35.2,0.0,1356,7,90.1,0.32,0.25,16.5,NOMINAL
2026-09-30 22:45:23,TN 58 AA 4920,Arun Kumar (Operator #104),71.3,1.48,10.9191,78.73847,14.5,42.9,0.0,1431,7,90.5,0.33,0.19,14.1,NOMINAL
2026-09-30 22:45:25,TN 58 AA 4920,Arun Kumar (Operator #104),70.8,-0.26,10.92049,78.73883,14.5,45.0,0.0,1419,7,90.5,0.29,0.2,11.9,NOMINAL
2026-09-30 22:45:27,TN 58 AA 4920,Arun Kumar (Operator #104),67.1,-1.86,10.92188,78.7392,14.5,40.2,0.0,1326,7,89.7,0.3,0.19,19.3,NOMINAL
2026-09-30 22:45:29,TN 58 AA 4920,Arun Kumar (Operator #104),73.5,3.22,10.92327,78.73956,14.5,45.3,0.0,1488,7,90.0,0.28,0.23,21.1,NOMINAL
2026-09-30 22:45:31,TN 58 AA 4920,Arun Kumar (Operator #104),71.2,-1.13,10.92578,78.74061,24.2,43.0,0.0,1430,7,89.9,0.32,0.23,11.9,NOMINAL
2026-09-30 22:45:33,TN 58 AA 4920,Arun Kumar (Operator #104),73.6,1.19,10.92901,78.74209,24.2,42.7,0.0,1489,7,90.7,0.33,0.26,18.3,NOMINAL
2026-09-30 22:45:35,TN 58 AA 4920,Arun Kumar (Operator #104),68.1,-2.77,10.93223,78.74357,24.2,42.8,0.0,1351,7,90.5,0.31,0.22,8.0,NOMINAL
2026-09-30 22:45:37,TN 58 AA 4920,Arun Kumar (Operator #104),69.8,0.86,10.93545,78.74504,24.2,40.0,0.0,1395,7,90.2,0.33,0.25,11.8,NOMINAL
2026-09-30 22:45:39,TN 58 AA 4920,Arun Kumar (Operator #104),71.3,0.74,10.93868,78.74652,24.2,42.8,0.0,1432,7,90.2,0.3,0.23,16.4,NOMINAL
2026-09-30 22:45:41,TN 58 AA 4920,Arun Kumar (Operator #104),68.2,-1.54,10.9419,78.748,24.2,42.9,0.0,1355,7,90.6,0.3,0.24,8.1,NOMINAL
2026-09-30 22:45:43,TN 58 AA 4920,Arun Kumar (Operator #104),73.8,2.8,10.94512,78.74948,24.2,37.7,0.0,1494,7,90.0,0.32,0.2,11.8,NOMINAL
2026-09-30 22:45:45,TN 58 AA 4920,Arun Kumar (Operator #104),70.9,-1.46,10.94835,78.75096,24.2,47.8,0.0,1422,7,90.3,0.35,0.2,19.3,NOMINAL
2026-09-30 22:45:47,TN 58 AA 4920,Arun Kumar (Operator #104),70.6,-0.15,10.95157,78.75243,24.2,44.1,0.0,1414,7,90.2,0.3,0.2,16.8,NOMINAL
2026-09-30 22:45:49,TN 58 AA 4920,Arun Kumar (Operator #104),67.0,-1.78,10.95479,78.75391,24.2,38.4,0.0,1326,7,90.0,0.29,0.19,17.1,NOMINAL
2026-09-30 22:45:51,TN 58 AA 4920,Arun Kumar (Operator #104),70.8,1.88,10.95802,78.75539,24.2,46.7,0.0,1418,7,90.3,0.3,0.2,16.9,NOMINAL
2026-09-30 22:45:53,TN 58 AA 4920,Arun Kumar (Operator #104),68.5,-1.15,10.96124,78.75687,24.2,39.7,0.0,1362,7,90.4,0.33,0.23,19.3,NOMINAL
2026-09-30 22:45:55,TN 58 AA 4920,Arun Kumar (Operator #104),70.2,0.86,10.96447,78.75835,24.2,44.8,0.0,1405,7,90.2,0.32,0.2,21.8,NOMINAL
2026-09-30 22:45:57,TN 58 AA 4920,Arun Kumar (Operator #104),68.6,-0.79,10.96769,78.75982,24.2,42.8,0.0,1365,7,90.0,0.33,0.26,14.7,NOMINAL
2026-09-30 22:45:59,TN 58 AA 4920,Arun Kumar (Operator #104),73.0,2.18,10.97091,78.7613,24.2,35.2,0.0,1473,7,90.4,0.28,0.26,13.0,NOMINAL
2026-09-30 22:46:01,TN 58 AA 4920,Arun Kumar (Operator #104),67.8,-2.58,10.97414,78.76278,24.2,47.7,0.0,1345,7,90.1,0.28,0.2,15.5,NOMINAL
2026-09-30 22:46:03,TN 58 AA 4920,Arun Kumar (Operator #104),68.2,0.18,10.97736,78.76426,24.2,44.9,0.0,1354,7,90.1,0.32,0.24,21.5,NOMINAL
2026-09-30 22:46:05,TN 58 AA 4920,Arun Kumar (Operator #104),73.3,2.54,10.98058,78.76574,24.2,35.7,0.0,1481,7,89.9,0.3,0.26,12.1,NOMINAL
2026-09-30 22:46:07,TN 58 AA 4920,Arun Kumar (Operator #104),70.0,-1.67,10.98381,78.76721,24.2,41.4,0.0,1398,7,90.4,0.33,0.24,15.4,NOMINAL
2026-09-30 22:46:09,TN 58 AA 4920,Arun Kumar (Operator #104),70.6,0.32,10.98703,78.76869,24.2,37.3,0.0,1416,7,90.2,0.35,0.21,12.4,NOMINAL
2026-09-30 22:46:11,TN 58 AA 4920,Arun Kumar (Operator #104),69.1,-0.75,10.99025,78.77017,24.2,46.4,0.0,1377,7,90.5,0.34,0.26,19.8,NOMINAL
2026-09-30 22:46:13,TN 58 AA 4920,Arun Kumar (Operator #104),72.7,1.81,10.99348,78.77165,24.2,43.0,0.0,1468,7,90.6,0.35,0.22,8.6,NOMINAL
2026-09-30 22:46:15,TN 58 AA 4920,Arun Kumar (Operator #104),67.7,-2.52,10.9967,78.77313,24.2,37.5,0.0,1341,7,90.0,0.29,0.24,12.7,NOMINAL
2026-09-30 22:46:17,TN 58 AA 4920,Arun Kumar (Operator #104),72.9,2.58,10.99992,78.7746,24.2,41.6,0.0,1471,7,89.9,0.34,0.26,11.9,NOMINAL
2026-09-30 22:46:19,TN 58 AA 4920,Arun Kumar (Operator #104),71.5,-0.72,11.00315,78.77608,24.2,35.8,0.0,1436,7,90.7,0.34,0.26,14.5,NOMINAL
2026-09-30 22:46:21,TN 58 AA 4920,Arun Kumar (Operator #104),71.3,-0.12,11.00637,78.77756,24.2,36.5,0.0,1431,7,89.8,0.3,0.2,15.9,NOMINAL
2026-09-30 22:46:23,TN 58 AA 4920,Arun Kumar (Operator #104),67.7,-1.82,11.00959,78.77904,24.2,43.7,0.0,1341,7,90.1,0.33,0.22,10.2,NOMINAL
2026-09-30 22:46:25,TN 58 AA 4920,Arun Kumar (Operator #104),73.9,3.1,11.01282,78.78052,24.2,43.2,0.0,1497,7,90.2,0.32,0.23,14.2,NOMINAL
2026-09-30 22:46:27,TN 58 AA 4920,Arun Kumar (Operator #104),71.0,-1.45,11.01604,78.78199,24.2,36.4,0.0,1424,7,90.1,0.34,0.24,8.9,NOMINAL
2026-09-30 22:46:29,TN 58 AA 4920,Arun Kumar (Operator #104),73.7,1.34,11.01926,78.78347,24.2,45.0,0.0,1491,7,90.8,0.3,0.23,13.9,NOMINAL
2026-09-30 22:46:31,TN 58 AA 4920,Arun Kumar (Operator #104),69.2,-2.24,11.02249,78.78495,24.2,39.5,0.0,1380,7,90.3,0.32,0.24,18.3,NOMINAL
2026-09-30 22:46:33,TN 58 AA 4920,Arun Kumar (Operator #104),72.2,1.51,11.02571,78.78643,24.2,47.6,0.0,1455,7,90.5,0.29,0.19,20.6,NOMINAL
2026-09-30 22:46:35,TN 58 AA 4920,Arun Kumar (Operator #104),71.4,-0.39,11.02893,78.7879,24.2,44.1,0.0,1435,7,90.4,0.3,0.23,16.4,NOMINAL
2026-09-30 22:46:37,TN 58 AA 4920,Arun Kumar (Operator #104),67.8,-1.78,11.03216,78.78938,24.2,47.4,0.0,1346,7,89.6,0.28,0.19,11.9,NOMINAL
2026-09-30 22:46:39,TN 58 AA 4920,Arun Kumar (Operator #104),67.8,-0.0,11.03538,78.79086,24.2,39.2,0.0,1344,7,90.0,0.33,0.23,12.4,NOMINAL
2026-09-30 22:46:41,TN 58 AA 4920,Arun Kumar (Operator #104),69.4,0.82,11.0386,78.79234,24.2,43.4,0.0,1385,7,89.8,0.31,0.26,13.7,NOMINAL
2026-09-30 22:46:43,TN 58 AA 4920,Arun Kumar (Operator #104),72.2,1.42,11.04183,78.79382,24.2,44.9,0.0,1455,7,90.7,0.31,0.21,17.7,NOMINAL
2026-09-30 22:46:45,TN 58 AA 4920,Arun Kumar (Operator #104),70.2,-1.01,11.04505,78.79529,24.2,40.7,0.0,1404,7,90.2,0.34,0.25,21.7,NOMINAL
2026-09-30 22:46:47,TN 58 AA 4920,Arun Kumar (Operator #104),69.9,-0.15,11.04828,78.79677,24.2,40.4,0.0,1397,7,90.5,0.3,0.23,17.7,NOMINAL
2026-09-30 22:46:49,TN 58 AA 4920,Arun Kumar (Operator #104),67.6,-1.14,11.0515,78.79825,24.2,36.8,0.0,1340,7,89.7,0.34,0.21,18.3,NOMINAL
2026-09-30 22:46:51,TN 58 AA 4920,Arun Kumar (Operator #104),71.5,1.95,11.05472,78.79973,24.2,37.0,0.0,1437,7,90.7,0.35,0.22,9.9,NOMINAL
2026-09-30 22:46:53,TN 58 AA 4920,Arun Kumar (Operator #104),68.0,-1.76,11.05795,78.80121,24.2,41.4,0.0,1349,7,89.7,0.34,0.21,19.6,NOMINAL
2026-09-30 22:46:55,TN 58 AA 4920,Arun Kumar (Operator #104),69.1,0.56,11.06117,78.80268,24.2,35.8,0.0,1377,7,90.3,0.3,0.25,12.4,NOMINAL
2026-09-30 22:46:57,TN 58 AA 4920,Arun Kumar (Operator #104),73.5,2.21,11.06439,78.80416,24.2,35.6,0.0,1488,7,90.7,0.32,0.21,20.0,NOMINAL
2026-09-30 22:46:59,TN 58 AA 4920,Arun Kumar (Operator #104),71.3,-1.1,11.06762,78.80564,24.2,40.9,0.0,1432,7,90.0,0.31,0.23,11.5,NOMINAL
2026-09-30 22:47:01,TN 58 AA 4920,Arun Kumar (Operator #104),68.9,-1.2,11.07084,78.80712,24.2,43.7,0.0,1372,7,90.4,0.28,0.19,16.4,NOMINAL
2026-09-30 22:47:03,TN 58 AA 4920,Arun Kumar (Operator #104),69.3,0.19,11.07406,78.8086,24.2,38.0,0.0,1382,7,90.4,0.35,0.19,13.1,NOMINAL
2026-09-30 22:47:05,TN 58 AA 4920,Arun Kumar (Operator #104),67.0,-1.15,11.07729,78.81007,24.2,45.6,0.0,1325,7,90.5,0.33,0.18,19.8,NOMINAL
2026-09-30 22:47:07,TN 58 AA 4920,Arun Kumar (Operator #104),69.2,1.12,11.08051,78.81155,24.2,41.5,0.0,1381,7,89.7,0.28,0.24,20.9,NOMINAL
2026-09-30 22:47:09,TN 58 AA 4920,Arun Kumar (Operator #104),70.9,0.86,11.08373,78.81303,24.2,35.5,0.0,1422,7,90.6,0.32,0.23,9.2,NOMINAL
2026-09-30 22:47:11,TN 58 AA 4920,Arun Kumar (Operator #104),67.3,-1.81,11.08696,78.81451,24.2,38.9,0.0,1332,7,90.5,0.28,0.2,21.3,NOMINAL
2026-09-30 22:47:13,TN 58 AA 4920,Arun Kumar (Operator #104),71.0,1.84,11.09018,78.81599,24.2,38.1,0.0,1424,7,90.2,0.3,0.19,14.2,NOMINAL
2026-09-30 22:47:15,TN 58 AA 4920,Arun Kumar (Operator #104),71.5,0.25,11.0934,78.81746,24.2,44.4,0.0,1437,7,90.2,0.3,0.25,9.8,NOMINAL
2026-09-30 22:47:17,TN 58 AA 4920,Arun Kumar (Operator #104),68.7,-1.4,11.09663,78.81894,24.2,46.2,0.0,1367,7,90.2,0.28,0.19,14.6,NOMINAL
2026-09-30 22:47:19,TN 58 AA 4920,Arun Kumar (Operator #104),70.5,0.88,11.09985,78.82042,24.2,38.6,0.0,1411,7,89.9,0.32,0.25,17.4,NOMINAL
2026-09-30 22:47:21,TN 58 AA 4920,Arun Kumar (Operator #104),70.4,-0.05,11.10307,78.8219,24.2,36.8,0.0,1410,7,90.7,0.33,0.21,14.2,NOMINAL
2026-09-30 22:47:23,TN 58 AA 4920,Arun Kumar (Operator #104),71.2,0.42,11.1063,78.82338,24.2,42.1,0.0,1430,7,89.9,0.33,0.22,18.4,NOMINAL
2026-09-30 22:47:25,TN 58 AA 4920,Arun Kumar (Operator #104),69.7,-0.73,11.10952,78.82485,24.2,47.4,0.0,1393,7,89.8,0.33,0.24,12.6,NOMINAL
2026-09-30 22:47:27,TN 58 AA 4920,Arun Kumar (Operator #104),73.8,2.05,11.11274,78.82633,24.2,39.7,0.0,1494,7,90.2,0.34,0.19,15.7,NOMINAL
2026-09-30 22:47:29,TN 58 AA 4920,Arun Kumar (Operator #104),69.8,-1.99,11.11597,78.82781,24.2,44.2,0.0,1395,7,90.0,0.35,0.24,10.1,NOMINAL
2026-09-30 22:47:31,TN 58 AA 4920,Arun Kumar (Operator #104),73.6,1.91,11.11919,78.82929,24.2,45.6,0.0,1490,7,90.4,0.32,0.27,17.1,NOMINAL
2026-09-30 22:47:33,TN 58 AA 4920,Arun Kumar (Operator #104),68.8,-2.39,11.12241,78.83077,24.2,39.9,0.0,1370,7,90.0,0.31,0.2,9.8,NOMINAL
2026-09-30 22:47:35,TN 58 AA 4920,Arun Kumar (Operator #104),68.0,-0.42,11.12564,78.83224,24.2,40.2,0.0,1349,7,90.5,0.28,0.25,16.0,NOMINAL
2026-09-30 22:47:37,TN 58 AA 4920,Arun Kumar (Operator #104),72.9,2.45,11.12886,78.83372,24.2,44.9,0.0,1472,7,90.3,0.3,0.27,21.4,NOMINAL
2026-09-30 22:47:39,TN 58 AA 4920,Arun Kumar (Operator #104),71.8,-0.57,11.13209,78.8352,24.2,46.1,0.0,1443,7,89.8,0.32,0.27,21.4,NOMINAL
2026-09-30 22:47:41,TN 58 AA 4920,Arun Kumar (Operator #104),67.8,-1.98,11.13531,78.83668,24.2,37.3,0.0,1345,7,89.9,0.34,0.26,18.7,NOMINAL
2026-09-30 22:47:43,TN 58 AA 4920,Arun Kumar (Operator #104),71.9,2.04,11.13853,78.83816,24.2,44.0,0.0,1446,7,90.5,0.29,0.26,17.8,NOMINAL
2026-09-30 22:47:45,TN 58 AA 4920,Arun Kumar (Operator #104),68.2,-1.87,11.14176,78.83963,24.2,40.8,0.0,1354,7,90.2,0.32,0.19,8.3,NOMINAL
2026-09-30 22:47:47,TN 58 AA 4920,Arun Kumar (Operator #104),70.9,1.37,11.14498,78.84111,24.2,39.4,0.0,1423,7,90.6,0.31,0.2,8.4,NOMINAL
2026-09-30 22:47:49,TN 58 AA 4920,Arun Kumar (Operator #104),69.7,-0.58,11.1482,78.84259,24.2,42.4,0.0,1393,7,89.8,0.3,0.18,8.6,NOMINAL
2026-09-30 22:47:51,TN 58 AA 4920,Arun Kumar (Operator #104),73.7,1.98,11.15143,78.84407,24.2,41.5,0.0,1491,7,90.1,0.29,0.19,17.7,NOMINAL
2026-09-30 22:47:53,TN 58 AA 4920,Arun Kumar (Operator #104),70.5,-1.61,11.15465,78.84555,24.2,39.9,0.0,1411,7,90.2,0.29,0.26,17.8,NOMINAL
2026-09-30 22:47:55,TN 58 AA 4920,Arun Kumar (Operator #104),71.5,0.5,11.15787,78.84702,24.2,42.5,0.0,1437,7,90.1,0.35,0.21,10.4,NOMINAL
2026-09-30 22:47:57,TN 58 AA 4920,Arun Kumar (Operator #104),71.6,0.05,11.1611,78.8485,24.2,37.8,0.0,1439,7,90.1,0.32,0.22,16.3,NOMINAL
2026-09-30 22:47:59,TN 58 AA 4920,Arun Kumar (Operator #104),69.1,-1.27,11.16432,78.84998,24.2,35.2,0.0,1376,7,90.3,0.32,0.26,17.2,NOMINAL
2026-09-30 22:48:01,TN 58 AA 4920,Arun Kumar (Operator #104),71.7,1.31,11.16754,78.85146,24.2,37.6,0.0,1443,7,90.5,0.33,0.21,20.3,NOMINAL
2026-09-30 22:48:03,TN 58 AA 4920,Arun Kumar (Operator #104),67.4,-2.16,11.17077,78.85294,24.2,38.4,0.0,1334,7,90.3,0.31,0.21,14.9,NOMINAL
2026-09-30 22:48:05,TN 58 AA 4920,Arun Kumar (Operator #104),73.0,2.79,11.17399,78.85441,24.2,41.7,0.0,1474,7,90.5,0.34,0.25,18.0,NOMINAL
2026-09-30 22:48:07,TN 58 AA 4920,Arun Kumar (Operator #104),68.7,-2.14,11.17721,78.85589,24.2,45.3,0.0,1367,7,90.0,0.31,0.24,11.7,NOMINAL
2026-09-30 22:48:09,TN 58 AA 4920,Arun Kumar (Operator #104),72.0,1.67,11.18044,78.85737,24.2,38.6,0.0,1450,7,90.0,0.35,0.24,9.0,NOMINAL
2026-09-30 22:48:11,TN 58 AA 4920,Arun Kumar (Operator #104),68.3,-1.84,11.18366,78.85885,24.2,38.2,0.0,1357,7,90.1,0.28,0.22,13.7,NOMINAL
2026-09-30 22:48:13,TN 58 AA 4920,Arun Kumar (Operator #104),68.5,0.12,11.18688,78.86033,24.2,38.0,0.0,1363,7,90.4,0.33,0.22,15.4,NOMINAL
2026-09-30 22:48:15,TN 58 AA 4920,Arun Kumar (Operator #104),70.4,0.96,11.19011,78.8618,24.2,46.0,0.0,1410,7,89.8,0.3,0.2,8.3,NOMINAL
2026-09-30 22:48:17,TN 58 AA 4920,Arun Kumar (Operator #104),72.9,1.27,11.19333,78.86328,24.2,43.6,0.0,1473,7,90.1,0.32,0.26,22.0,NOMINAL
2026-09-30 22:48:19,TN 58 AA 4920,Arun Kumar (Operator #104),70.9,-1.01,11.19655,78.86476,24.2,35.9,0.0,1421,7,90.6,0.32,0.22,12.9,NOMINAL
2026-09-30 22:48:21,TN 58 AA 4920,Arun Kumar (Operator #104),67.2,-1.87,11.19978,78.86624,24.2,41.0,0.0,1328,7,90.1,0.31,0.19,20.3,NOMINAL
2026-09-30 22:48:23,TN 58 AA 4920,Arun Kumar (Operator #104),70.9,1.83,11.203,78.86772,24.2,43.9,0.0,1421,7,90.0,0.32,0.23,14.5,NOMINAL
2026-09-30 22:48:25,TN 58 AA 4920,Arun Kumar (Operator #104),67.7,-1.58,11.20622,78.86919,24.2,42.3,0.0,1343,7,89.6,0.31,0.2,10.6,NOMINAL
2026-09-30 22:48:27,TN 58 AA 4920,Arun Kumar (Operator #104),68.5,0.42,11.20945,78.87067,24.2,36.1,0.0,1363,7,90.6,0.28,0.26,21.4,NOMINAL
2026-09-30 22:48:29,TN 58 AA 4920,Arun Kumar (Operator #104),69.7,0.62,11.21267,78.87215,24.2,43.4,0.0,1393,7,90.3,0.34,0.2,10.8,NOMINAL
2026-09-30 22:48:31,TN 58 AA 4920,Arun Kumar (Operator #104),72.0,1.15,11.21589,78.87363,24.2,37.4,0.0,1449,7,90.4,0.29,0.18,10.0,NOMINAL
2026-09-30 22:48:33,TN 58 AA 4920,Arun Kumar (Operator #104),73.1,0.55,11.21912,78.87511,24.2,39.2,0.0,1477,7,90.0,0.31,0.21,14.3,NOMINAL
2026-09-30 22:48:35,TN 58 AA 4920,Arun Kumar (Operator #104),71.9,-0.6,11.22234,78.87658,24.2,37.8,0.0,1447,7,90.4,0.31,0.19,20.9,NOMINAL
2026-09-30 22:48:37,TN 58 AA 4920,Arun Kumar (Operator #104),70.9,-0.48,11.22557,78.87806,24.2,39.9,0.0,1423,7,90.0,0.29,0.27,8.5,NOMINAL
2026-09-30 22:48:39,TN 58 AA 4920,Arun Kumar (Operator #104),73.2,1.17,11.22879,78.87954,24.2,40.4,0.0,1480,7,90.0,0.29,0.26,16.3,NOMINAL
2026-09-30 22:48:41,TN 58 AA 4920,Arun Kumar (Operator #104),69.2,-2.02,11.23201,78.88102,24.2,44.1,0.0,1379,7,89.7,0.33,0.22,21.4,NOMINAL
2026-09-30 22:48:43,TN 58 AA 4920,Arun Kumar (Operator #104),69.7,0.25,11.23607,78.88399,41.2,41.4,0.0,1392,7,90.1,0.33,0.26,18.0,NOMINAL
2026-09-30 22:48:45,TN 58 AA 4920,Arun Kumar (Operator #104),72.5,1.4,11.24084,78.88824,41.2,39.2,0.0,1462,7,90.5,0.32,0.18,9.4,NOMINAL
2026-09-30 22:48:47,TN 58 AA 4920,Arun Kumar (Operator #104),68.7,-1.91,11.24561,78.89249,41.2,42.3,0.0,1367,7,89.8,0.33,0.26,16.8,NOMINAL
2026-09-30 22:48:49,TN 58 AA 4920,Arun Kumar (Operator #104),72.6,1.93,11.25038,78.89674,41.2,42.9,0.0,1464,7,90.1,0.31,0.19,19.5,NOMINAL
2026-09-30 22:48:51,TN 58 AA 4920,Arun Kumar (Operator #104),70.6,-1.0,11.25514,78.90099,41.2,47.1,0.0,1415,7,89.9,0.31,0.2,8.2,NOMINAL
2026-09-30 22:48:53,TN 58 AA 4920,Arun Kumar (Operator #104),70.8,0.12,11.25991,78.90524,41.2,41.0,0.0,1421,7,90.5,0.34,0.19,11.2,NOMINAL
2026-09-30 22:48:55,TN 58 AA 4920,Arun Kumar (Operator #104),72.7,0.95,11.26468,78.90949,41.2,41.3,0.0,1467,7,90.2,0.32,0.23,8.4,NOMINAL
2026-09-30 22:48:57,TN 58 AA 4920,Arun Kumar (Operator #104),67.4,-2.67,11.26945,78.91374,41.2,44.1,0.0,1333,7,90.1,0.32,0.19,21.8,NOMINAL
2026-09-30 22:48:59,TN 58 AA 4920,Arun Kumar (Operator #104),67.5,0.05,11.27422,78.91799,41.2,38.1,0.0,1337,7,89.7,0.28,0.22,18.3,NOMINAL
2026-09-30 22:49:01,TN 58 AA 4920,Arun Kumar (Operator #104),69.0,0.75,11.27899,78.92224,41.2,39.6,0.0,1374,7,89.8,0.33,0.24,17.0,NOMINAL
2026-09-30 22:49:03,TN 58 AA 4920,Arun Kumar (Operator #104),73.8,2.4,11.28376,78.92649,41.2,41.7,0.0,1495,7,89.9,0.33,0.19,21.7,NOMINAL
2026-09-30 22:49:05,TN 58 AA 4920,Arun Kumar (Operator #104),72.1,-0.83,11.28853,78.93074,41.2,43.8,0.0,1453,7,90.1,0.32,0.19,20.5,NOMINAL
2026-09-30 22:49:07,TN 58 AA 4920,Arun Kumar (Operator #104),71.4,-0.33,11.2933,78.93498,41.2,37.1,0.0,1436,7,90.7,0.32,0.27,14.0,NOMINAL
2026-09-30 22:49:09,TN 58 AA 4920,Arun Kumar (Operator #104),67.2,-2.11,11.29807,78.93923,41.2,45.9,0.0,1329,7,90.0,0.31,0.22,16.2,NOMINAL
2026-09-30 22:49:11,TN 58 AA 4920,Arun Kumar (Operator #104),68.4,0.62,11.30284,78.94348,41.2,42.5,0.0,1360,7,90.4,0.34,0.25,19.9,NOMINAL
2026-09-30 22:49:13,TN 58 AA 4920,Arun Kumar (Operator #104),69.4,0.51,11.3076,78.94773,41.2,47.9,0.0,1385,7,89.9,0.32,0.18,12.3,NOMINAL
2026-09-30 22:49:15,TN 58 AA 4920,Arun Kumar (Operator #104),68.5,-0.46,11.31237,78.95198,41.2,37.7,0.0,1361,7,89.8,0.29,0.23,13.4,NOMINAL
2026-09-30 22:49:17,TN 58 AA 4920,Arun Kumar (Operator #104),70.0,0.74,11.31714,78.95623,41.2,40.8,0.0,1399,7,89.8,0.31,0.19,16.0,NOMINAL
2026-09-30 22:49:19,TN 58 AA 4920,Arun Kumar (Operator #104),72.7,1.33,11.32191,78.96048,41.2,40.0,0.0,1466,7,90.5,0.29,0.21,12.8,NOMINAL
2026-09-30 22:49:21,TN 58 AA 4920,Arun Kumar (Operator #104),67.0,-2.84,11.32668,78.96473,41.2,44.2,0.0,1325,7,90.1,0.33,0.23,18.4,NOMINAL
2026-09-30 22:49:23,TN 58 AA 4920,Arun Kumar (Operator #104),71.9,2.47,11.33145,78.96898,41.2,42.7,0.0,1448,7,90.2,0.33,0.26,20.1,NOMINAL
2026-09-30 22:49:25,TN 58 AA 4920,Arun Kumar (Operator #104),69.0,-1.43,11.33622,78.97323,41.2,39.1,0.0,1376,7,90.1,0.31,0.27,14.0,NOMINAL
2026-09-30 22:49:27,TN 58 AA 4920,Arun Kumar (Operator #104),68.5,-0.26,11.34099,78.97748,41.2,46.1,0.0,1361,7,90.0,0.34,0.23,14.5,NOMINAL
2026-09-30 22:49:29,TN 58 AA 4920,Arun Kumar (Operator #104),71.2,1.37,11.34576,78.98173,41.2,37.1,0.0,1430,7,90.4,0.33,0.2,15.0,NOMINAL
2026-09-30 22:49:31,TN 58 AA 4920,Arun Kumar (Operator #104),70.4,-0.39,11.35053,78.98598,41.2,39.5,0.0,1410,7,90.4,0.32,0.24,9.5,NOMINAL
2026-09-30 22:49:33,TN 58 AA 4920,Arun Kumar (Operator #104),71.2,0.4,11.3553,78.99023,41.2,42.6,0.0,1430,7,90.8,0.35,0.18,17.0,NOMINAL
2026-09-30 22:49:35,TN 58 AA 4920,Arun Kumar (Operator #104),72.3,0.57,11.36006,78.99448,41.2,42.8,0.0,1458,7,90.4,0.3,0.26,11.0,NOMINAL
2026-09-30 22:49:37,TN 58 AA 4920,Arun Kumar (Operator #104),73.7,0.7,11.36483,78.99873,41.2,43.0,0.0,1492,7,90.6,0.32,0.25,10.5,NOMINAL
2026-09-30 22:49:39,TN 58 AA 4920,Arun Kumar (Operator #104),71.2,-1.24,11.3696,79.00298,41.2,36.8,0.0,1430,7,89.8,0.35,0.19,11.8,NOMINAL
2026-09-30 22:49:41,TN 58 AA 4920,Arun Kumar (Operator #104),72.6,0.68,11.37437,79.00723,41.2,38.2,0.0,1463,7,90.8,0.29,0.25,9.0,NOMINAL
2026-09-30 22:49:43,TN 58 AA 4920,Arun Kumar (Operator #104),67.8,-2.41,11.37914,79.01148,41.2,41.1,0.0,1344,7,90.2,0.28,0.18,21.6,NOMINAL
2026-09-30 22:49:45,TN 58 AA 4920,Arun Kumar (Operator #104),68.6,0.4,11.38391,79.01573,41.2,35.2,0.0,1365,7,90.2,0.29,0.21,15.3,NOMINAL
2026-09-30 22:49:47,TN 58 AA 4920,Arun Kumar (Operator #104),72.5,1.94,11.38868,79.01998,41.2,39.7,0.0,1462,7,90.4,0.29,0.22,18.2,NOMINAL
2026-09-30 22:49:49,TN 58 AA 4920,Arun Kumar (Operator #104),70.1,-1.21,11.39345,79.02423,41.2,47.5,0.0,1401,7,89.9,0.31,0.18,10.7,NOMINAL
2026-09-30 22:49:51,TN 58 AA 4920,Arun Kumar (Operator #104),68.3,-0.91,11.39822,79.02848,41.2,46.1,0.0,1357,7,90.5,0.29,0.25,19.0,NOMINAL
2026-09-30 22:49:53,TN 58 AA 4920,Arun Kumar (Operator #104),67.0,-0.64,11.40299,79.03273,41.2,46.9,0.0,1325,7,90.3,0.35,0.18,12.4,NOMINAL
2026-09-30 22:49:55,TN 58 AA 4920,Arun Kumar (Operator #104),70.7,1.83,11.40776,79.03698,41.2,38.7,0.0,1416,7,90.2,0.33,0.22,12.0,NOMINAL
2026-09-30 22:49:57,TN 58 AA 4920,Arun Kumar (Operator #104),67.0,-1.83,11.41252,79.04123,41.2,46.0,0.0,1326,7,90.1,0.33,0.21,17.2,NOMINAL
2026-09-30 22:49:59,TN 58 AA 4920,Arun Kumar (Operator #104),67.6,0.31,11.41729,79.04548,41.2,41.8,0.0,1340,7,90.5,0.34,0.24,8.9,NOMINAL
2026-09-30 22:50:01,TN 58 AA 4920,Arun Kumar (Operator #104),71.5,1.94,11.42206,79.04973,41.2,36.9,0.0,1437,7,90.2,0.3,0.26,9.0,NOMINAL
2026-09-30 22:50:03,TN 58 AA 4920,Arun Kumar (Operator #104),67.6,-1.94,11.42683,79.05398,41.2,47.5,0.0,1340,7,89.6,0.32,0.21,18.6,NOMINAL
2026-09-30 22:50:05,TN 58 AA 4920,Arun Kumar (Operator #104),72.8,2.59,11.4316,79.05823,41.2,44.7,0.0,1469,7,90.7,0.32,0.26,16.7,NOMINAL
2026-09-30 22:50:07,TN 58 AA 4920,Arun Kumar (Operator #104),68.4,-2.2,11.43637,79.06248,41.2,39.6,0.0,1360,7,90.1,0.31,0.22,14.1,NOMINAL
2026-09-30 22:50:09,TN 58 AA 4920,Arun Kumar (Operator #104),67.0,-0.68,11.44114,79.06673,41.2,39.6,0.0,1326,7,90.5,0.3,0.27,14.9,NOMINAL
2026-09-30 22:50:11,TN 58 AA 4920,Arun Kumar (Operator #104),73.8,3.42,11.44591,79.07098,41.2,41.0,0.0,1496,7,90.0,0.29,0.21,8.1,NOMINAL
2026-09-30 22:50:13,TN 58 AA 4920,Arun Kumar (Operator #104),70.1,-1.84,11.45068,79.07523,41.2,45.9,0.0,1403,7,90.3,0.29,0.19,12.2,NOMINAL
2026-09-30 22:50:15,TN 58 AA 4920,Arun Kumar (Operator #104),69.2,-0.43,11.45545,79.07948,41.2,40.8,0.0,1381,7,89.7,0.32,0.21,11.1,NOMINAL
2026-09-30 22:50:17,TN 58 AA 4920,Arun Kumar (Operator #104),68.9,-0.14,11.46022,79.08373,41.2,35.2,0.0,1373,7,89.8,0.31,0.24,16.3,NOMINAL
2026-09-30 22:50:19,TN 58 AA 4920,Arun Kumar (Operator #104),68.9,-0.01,11.46498,79.08797,41.2,39.0,0.0,1372,7,90.5,0.31,0.22,8.2,NOMINAL
2026-09-30 22:50:21,TN 58 AA 4920,Arun Kumar (Operator #104),71.0,1.06,11.46975,79.09222,41.2,36.3,0.0,1425,7,89.9,0.29,0.26,17.2,NOMINAL
2026-09-30 22:50:23,TN 58 AA 4920,Arun Kumar (Operator #104),69.1,-0.93,11.47452,79.09647,41.2,38.6,0.0,1378,7,90.5,0.34,0.18,9.4,NOMINAL
2026-09-30 22:50:25,TN 58 AA 4920,Arun Kumar (Operator #104),71.4,1.13,11.47929,79.10072,41.2,46.5,0.0,1434,7,90.0,0.28,0.22,15.0,NOMINAL
2026-09-30 22:50:27,TN 58 AA 4920,Arun Kumar (Operator #104),72.0,0.32,11.48406,79.10497,41.2,42.6,0.0,1451,7,89.9,0.31,0.21,8.5,NOMINAL
2026-09-30 22:50:29,TN 58 AA 4920,Arun Kumar (Operator #104),68.2,-1.9,11.48883,79.10922,41.2,35.4,0.0,1354,7,90.0,0.33,0.22,20.8,NOMINAL
2026-09-30 22:50:31,TN 58 AA 4920,Arun Kumar (Operator #104),73.8,2.81,11.4936,79.11347,41.2,41.2,0.0,1495,7,89.9,0.33,0.27,20.6,NOMINAL
2026-09-30 22:50:33,TN 58 AA 4920,Arun Kumar (Operator #104),69.7,-2.04,11.49837,79.11772,41.2,44.5,0.0,1393,7,89.9,0.31,0.2,8.4,NOMINAL
2026-09-30 22:50:35,TN 58 AA 4920,Arun Kumar (Operator #104),73.2,1.74,11.50314,79.12197,41.2,39.3,0.0,1479,7,90.9,0.31,0.2,8.5,NOMINAL
2026-09-30 22:50:37,TN 58 AA 4920,Arun Kumar (Operator #104),70.2,-1.52,11.50791,79.12622,41.2,35.2,0.0,1404,7,90.7,0.29,0.24,18.0,NOMINAL
2026-09-30 22:50:39,TN 58 AA 4920,Arun Kumar (Operator #104),67.4,-1.39,11.51268,79.13047,41.2,38.1,0.0,1335,7,89.8,0.32,0.22,16.7,NOMINAL
2026-09-30 22:50:41,TN 58 AA 4920,Arun Kumar (Operator #104),68.1,0.36,11.51744,79.13472,41.2,42.7,0.0,1353,7,90.5,0.33,0.26,12.0,NOMINAL
2026-09-30 22:50:43,TN 58 AA 4920,Arun Kumar (Operator #104),67.3,-0.41,11.52221,79.13897,41.2,37.9,0.0,1331,7,90.4,0.3,0.24,9.7,NOMINAL
2026-09-30 22:50:45,TN 58 AA 4920,Arun Kumar (Operator #104),68.6,0.66,11.52698,79.14322,41.2,42.8,0.0,1365,7,89.8,0.3,0.24,20.8,NOMINAL
2026-09-30 22:50:47,TN 58 AA 4920,Arun Kumar (Operator #104),72.2,1.8,11.53175,79.14747,41.2,45.6,0.0,1454,7,90.8,0.31,0.21,12.8,NOMINAL
2026-09-30 22:50:49,TN 58 AA 4920,Arun Kumar (Operator #104),73.5,0.65,11.53652,79.15172,41.2,37.4,0.0,1487,7,90.2,0.33,0.27,12.8,NOMINAL
2026-09-30 22:50:51,TN 58 AA 4920,Arun Kumar (Operator #104),68.9,-2.31,11.54129,79.15597,41.2,42.0,0.0,1371,7,89.9,0.31,0.26,10.3,NOMINAL
2026-09-30 22:50:53,TN 58 AA 4920,Arun Kumar (Operator #104),71.2,1.14,11.54606,79.16022,41.2,41.1,0.0,1429,7,90.4,0.32,0.22,20.0,NOMINAL
2026-09-30 22:50:55,TN 58 AA 4920,Arun Kumar (Operator #104),67.8,-1.68,11.55083,79.16447,41.2,43.4,0.0,1346,7,89.9,0.32,0.2,9.5,NOMINAL
2026-09-30 22:50:57,TN 58 AA 4920,Arun Kumar (Operator #104),72.8,2.48,11.5556,79.16872,41.2,40.6,0.0,1468,7,90.8,0.32,0.2,21.6,NOMINAL
2026-09-30 22:50:59,TN 58 AA 4920,Arun Kumar (Operator #104),72.6,-0.09,11.56037,79.17297,41.2,40.1,0.0,1465,7,90.7,0.33,0.23,16.6,NOMINAL
2026-09-30 22:51:01,TN 58 AA 4920,Arun Kumar (Operator #104),71.2,-0.69,11.56514,79.17722,41.2,36.4,0.0,1430,7,90.6,0.32,0.19,10.2,NOMINAL
2026-09-30 22:51:03,TN 58 AA 4920,Arun Kumar (Operator #104),67.5,-1.84,11.5699,79.18147,41.2,39.6,0.0,1338,7,90.3,0.28,0.23,15.8,NOMINAL
2026-09-30 22:51:05,TN 58 AA 4920,Arun Kumar (Operator #104),72.0,2.27,11.57467,79.18572,41.2,42.1,0.0,1450,7,90.2,0.34,0.19,21.7,NOMINAL
2026-09-30 22:51:07,TN 58 AA 4920,Arun Kumar (Operator #104),71.4,-0.3,11.57944,79.18997,41.2,41.5,0.0,1435,7,90.3,0.31,0.27,14.4,NOMINAL
2026-09-30 22:51:09,TN 58 AA 4920,Arun Kumar (Operator #104),67.3,-2.04,11.58421,79.19422,41.2,43.3,0.0,1332,7,90.3,0.29,0.26,9.4,NOMINAL
2026-09-30 22:51:11,TN 58 AA 4920,Arun Kumar (Operator #104),71.1,1.88,11.58898,79.19847,41.2,43.3,0.0,1426,7,90.1,0.33,0.21,14.1,NOMINAL
2026-09-30 22:51:13,TN 58 AA 4920,Arun Kumar (Operator #104),67.0,-2.03,11.59375,79.20272,41.2,47.5,0.0,1325,7,90.4,0.34,0.25,13.3,NOMINAL
2026-09-30 22:51:15,TN 58 AA 4920,Arun Kumar (Operator #104),71.5,2.24,11.59852,79.20697,41.2,36.9,0.0,1437,7,90.7,0.32,0.25,16.9,NOMINAL
2026-09-30 22:51:17,TN 58 AA 4920,Arun Kumar (Operator #104),70.3,-0.61,11.60329,79.21122,41.2,43.3,0.0,1406,7,90.1,0.32,0.19,16.5,NOMINAL
2026-09-30 22:51:19,TN 58 AA 4920,Arun Kumar (Operator #104),73.2,1.46,11.60806,79.21547,41.2,43.8,0.0,1480,7,90.1,0.32,0.26,20.7,NOMINAL
2026-09-30 22:51:21,TN 58 AA 4920,Arun Kumar (Operator #104),67.2,-3.0,11.61283,79.21972,41.2,42.9,0.0,1329,7,90.0,0.33,0.21,21.6,NOMINAL
2026-09-30 22:51:23,TN 58 AA 4920,Arun Kumar (Operator #104),68.3,0.54,11.6176,79.22397,41.2,47.7,0.0,1356,7,90.3,0.31,0.19,14.3,NOMINAL
2026-09-30 22:51:25,TN 58 AA 4920,Arun Kumar (Operator #104),69.3,0.51,11.62236,79.22822,41.2,41.7,0.0,1382,7,90.3,0.33,0.21,16.0,NOMINAL
2026-09-30 22:51:27,TN 58 AA 4920,Arun Kumar (Operator #104),72.5,1.62,11.62713,79.23247,41.2,39.3,0.0,1463,7,90.4,0.3,0.18,19.8,NOMINAL
2026-09-30 22:51:29,TN 58 AA 4920,Arun Kumar (Operator #104),67.1,-2.71,11.6319,79.23672,41.2,40.5,0.0,1327,7,89.8,0.3,0.24,16.4,NOMINAL
2026-09-30 22:51:31,TN 58 AA 4920,Arun Kumar (Operator #104),72.4,2.63,11.63667,79.24096,41.2,35.4,0.0,1458,7,89.9,0.31,0.27,18.1,NOMINAL
2026-09-30 22:51:33,TN 58 AA 4920,Arun Kumar (Operator #104),69.0,-1.69,11.64144,79.24521,41.2,41.8,0.0,1375,7,90.0,0.34,0.21,12.9,NOMINAL
2026-09-30 22:51:35,TN 58 AA 4920,Arun Kumar (Operator #104),72.1,1.54,11.64621,79.24946,41.2,42.8,0.0,1451,7,90.3,0.34,0.22,14.6,NOMINAL
2026-09-30 22:51:37,TN 58 AA 4920,Arun Kumar (Operator #104),67.8,-2.17,11.65098,79.25371,41.2,47.4,0.0,1344,7,90.4,0.31,0.22,13.5,NOMINAL
2026-09-30 22:51:39,TN 58 AA 4920,Arun Kumar (Operator #104),72.8,2.49,11.65575,79.25796,41.2,37.2,0.0,1469,7,90.1,0.33,0.24,20.2,NOMINAL
2026-09-30 22:51:41,TN 58 AA 4920,Arun Kumar (Operator #104),69.1,-1.84,11.66052,79.26221,41.2,45.7,0.0,1378,7,89.8,0.3,0.24,10.9,NOMINAL
2026-09-30 22:51:43,TN 58 AA 4920,Arun Kumar (Operator #104),73.7,2.31,11.66529,79.26646,41.2,35.8,0.0,1492,7,90.2,0.29,0.24,11.6,NOMINAL
2026-09-30 22:51:45,TN 58 AA 4920,Arun Kumar (Operator #104),68.3,-2.68,11.67006,79.27071,41.2,46.2,0.0,1358,7,90.2,0.31,0.25,8.2,NOMINAL
2026-09-30 22:51:47,TN 58 AA 4920,Arun Kumar (Operator #104),67.0,-0.65,11.67482,79.27496,41.2,40.7,0.0,1325,7,89.8,0.35,0.21,11.1,NOMINAL
2026-09-30 22:51:49,TN 58 AA 4920,Arun Kumar (Operator #104),68.7,0.87,11.67959,79.27921,41.2,40.1,0.0,1368,7,90.4,0.34,0.2,12.9,NOMINAL
2026-09-30 22:51:51,TN 58 AA 4920,Arun Kumar (Operator #104),72.1,1.71,11.68436,79.28346,41.2,46.2,0.0,1452,7,90.7,0.35,0.22,8.7,NOMINAL
2026-09-30 22:51:53,TN 58 AA 4920,Arun Kumar (Operator #104),72.9,0.41,11.68913,79.28771,41.2,45.9,0.0,1472,7,90.8,0.33,0.24,12.8,NOMINAL
2026-09-30 22:51:55,TN 58 AA 4920,Arun Kumar (Operator #104),73.7,0.42,11.69289,79.29094,37.7,43.7,0.0,1493,7,90.2,0.32,0.26,9.7,NOMINAL
2026-09-30 22:51:57,TN 58 AA 4920,Arun Kumar (Operator #104),68.0,-2.83,11.69548,79.29298,37.7,45.8,0.0,1350,7,90.5,0.33,0.24,11.8,NOMINAL
2026-09-30 22:51:59,TN 58 AA 4920,Arun Kumar (Operator #104),68.3,0.17,11.69806,79.29502,37.7,43.7,0.0,1358,7,90.1,0.34,0.23,15.8,NOMINAL
2026-09-30 22:52:01,TN 58 AA 4920,Arun Kumar (Operator #104),68.1,-0.11,11.70065,79.29707,37.7,38.0,0.0,1351,7,90.2,0.3,0.24,16.7,NOMINAL
2026-09-30 22:52:03,TN 58 AA 4920,Arun Kumar (Operator #104),73.0,2.47,11.70323,79.29911,37.7,46.8,0.0,1475,7,90.2,0.28,0.25,16.3,NOMINAL
2026-09-30 22:52:05,TN 58 AA 4920,Arun Kumar (Operator #104),72.4,-0.28,11.70582,79.30115,37.7,42.0,0.0,1460,7,90.1,0.33,0.23,19.3,NOMINAL
2026-09-30 22:52:07,TN 58 AA 4920,Arun Kumar (Operator #104),71.1,-0.65,11.70841,79.30319,37.7,41.2,0.0,1427,7,90.7,0.35,0.26,21.5,NOMINAL
2026-09-30 22:52:09,TN 58 AA 4920,Arun Kumar (Operator #104),68.8,-1.13,11.71099,79.30523,37.7,45.7,0.0,1371,7,90.4,0.28,0.25,8.2,NOMINAL
2026-09-30 22:52:11,TN 58 AA 4920,Arun Kumar (Operator #104),69.8,0.48,11.71358,79.30727,37.7,43.5,0.0,1394,7,90.0,0.31,0.22,16.2,NOMINAL
2026-09-30 22:52:13,TN 58 AA 4920,Arun Kumar (Operator #104),70.9,0.57,11.71616,79.30931,37.7,43.9,0.0,1423,7,90.0,0.32,0.19,20.5,NOMINAL
2026-09-30 22:52:15,TN 58 AA 4920,Arun Kumar (Operator #104),73.0,1.03,11.71875,79.31135,37.7,45.4,0.0,1474,7,90.1,0.34,0.27,21.3,NOMINAL
2026-09-30 22:52:17,TN 58 AA 4920,Arun Kumar (Operator #104),70.4,-1.31,11.72133,79.31339,37.7,47.6,0.0,1409,7,89.9,0.31,0.22,10.7,NOMINAL
2026-09-30 22:52:19,TN 58 AA 4920,Arun Kumar (Operator #104),68.9,-0.77,11.72392,79.31543,37.7,35.5,0.0,1371,7,90.3,0.28,0.23,12.8,NOMINAL
2026-09-30 22:52:21,TN 58 AA 4920,Arun Kumar (Operator #104),69.9,0.48,11.7265,79.31748,37.7,44.3,0.0,1396,7,90.5,0.31,0.22,18.8,NOMINAL
2026-09-30 22:52:23,TN 58 AA 4920,Arun Kumar (Operator #104),70.7,0.38,11.72909,79.31952,37.7,41.3,0.0,1416,7,89.8,0.34,0.26,11.7,NOMINAL
2026-09-30 22:52:25,TN 58 AA 4920,Arun Kumar (Operator #104),69.6,-0.55,11.73167,79.32156,37.7,42.8,0.0,1390,7,90.5,0.29,0.19,12.4,NOMINAL
2026-09-30 22:52:27,TN 58 AA 4920,Arun Kumar (Operator #104),72.4,1.39,11.73426,79.3236,37.7,46.7,0.0,1459,7,90.1,0.34,0.18,19.6,NOMINAL
2026-09-30 22:52:29,TN 58 AA 4920,Arun Kumar (Operator #104),73.3,0.45,11.73685,79.32564,37.7,47.2,0.0,1482,7,90.8,0.3,0.27,14.2,NOMINAL
2026-09-30 22:52:31,TN 58 AA 4920,Arun Kumar (Operator #104),72.0,-0.65,11.73943,79.32768,37.7,38.4,0.0,1449,7,90.6,0.3,0.23,14.4,NOMINAL
2026-09-30 22:52:33,TN 58 AA 4920,Arun Kumar (Operator #104),72.9,0.45,11.74202,79.32972,37.7,43.5,0.0,1472,7,90.2,0.32,0.21,19.8,NOMINAL
2026-09-30 22:52:35,TN 58 AA 4920,Arun Kumar (Operator #104),69.0,-1.95,11.7446,79.33176,37.7,44.6,0.0,1375,7,89.7,0.33,0.21,12.4,NOMINAL
2026-09-30 22:52:37,TN 58 AA 4920,Arun Kumar (Operator #104),71.6,1.29,11.74719,79.3338,37.7,35.5,0.0,1439,7,89.8,0.34,0.2,8.2,NOMINAL
2026-09-30 22:52:39,TN 58 AA 4920,Arun Kumar (Operator #104),71.3,-0.17,11.74977,79.33585,37.7,38.4,0.0,1431,7,90.3,0.31,0.22,15.0,NOMINAL
2026-09-30 22:52:41,TN 58 AA 4920,Arun Kumar (Operator #104),74.0,1.34,11.75236,79.33789,37.7,43.4,0.0,1499,7,90.6,0.32,0.23,12.4,NOMINAL
2026-09-30 22:52:43,TN 58 AA 4920,Arun Kumar (Operator #104),67.8,-3.11,11.75494,79.33993,37.7,43.5,0.0,1344,7,90.1,0.33,0.22,13.8,NOMINAL
2026-09-30 22:52:45,TN 58 AA 4920,Arun Kumar (Operator #104),73.1,2.64,11.75753,79.34197,37.7,47.2,0.0,1477,7,90.2,0.33,0.2,16.6,NOMINAL
2026-09-30 22:52:47,TN 58 AA 4920,Arun Kumar (Operator #104),72.3,-0.41,11.76011,79.34401,37.7,44.6,0.0,1457,7,90.2,0.35,0.2,16.2,NOMINAL
2026-09-30 22:52:49,TN 58 AA 4920,Arun Kumar (Operator #104),68.3,-2.02,11.7627,79.34605,37.7,39.0,0.0,1356,7,89.6,0.29,0.2,13.6,NOMINAL
2026-09-30 22:52:51,TN 58 AA 4920,Arun Kumar (Operator #104),72.4,2.03,11.76529,79.34809,37.7,42.2,0.0,1459,7,90.4,0.3,0.23,15.4,NOMINAL
2026-09-30 22:52:53,TN 58 AA 4920,Arun Kumar (Operator #104),71.0,-0.72,11.76787,79.35013,37.7,38.6,0.0,1423,7,90.0,0.31,0.27,17.5,NOMINAL
2026-09-30 22:52:55,TN 58 AA 4920,Arun Kumar (Operator #104),68.3,-1.37,11.77046,79.35217,37.7,39.2,0.0,1356,7,89.7,0.35,0.2,20.7,NOMINAL
2026-09-30 22:52:57,TN 58 AA 4920,Arun Kumar (Operator #104),74.0,2.83,11.77304,79.35422,37.7,47.8,0.0,1499,7,90.7,0.33,0.26,17.1,NOMINAL
2026-09-30 22:52:59,TN 58 AA 4920,Arun Kumar (Operator #104),67.4,-3.32,11.77563,79.35626,37.7,43.1,0.0,1333,7,89.6,0.31,0.19,9.3,NOMINAL
2026-09-30 22:53:01,TN 58 AA 4920,Arun Kumar (Operator #104),68.9,0.76,11.77821,79.3583,37.7,44.0,0.0,1373,7,90.5,0.34,0.18,15.6,NOMINAL
2026-09-30 22:53:03,TN 58 AA 4920,Arun Kumar (Operator #104),68.0,-0.46,11.7808,79.36034,37.7,35.9,0.0,1349,7,90.2,0.31,0.21,17.8,NOMINAL
2026-09-30 22:53:05,TN 58 AA 4920,Arun Kumar (Operator #104),70.6,1.32,11.78338,79.36238,37.7,41.5,0.0,1416,7,89.9,0.3,0.25,21.6,NOMINAL
2026-09-30 22:53:07,TN 58 AA 4920,Arun Kumar (Operator #104),72.8,1.08,11.78597,79.36442,37.7,40.0,0.0,1468,7,90.3,0.29,0.2,11.4,NOMINAL
2026-09-30 22:53:09,TN 58 AA 4920,Arun Kumar (Operator #104),70.1,-1.36,11.78855,79.36646,37.7,40.3,0.0,1401,7,90.3,0.33,0.2,19.4,NOMINAL
2026-09-30 22:53:11,TN 58 AA 4920,Arun Kumar (Operator #104),69.6,-0.26,11.79114,79.3685,37.7,46.3,0.0,1389,7,89.8,0.3,0.19,16.7,NOMINAL
2026-09-30 22:53:13,TN 58 AA 4920,Arun Kumar (Operator #104),68.9,-0.36,11.79372,79.37054,37.7,46.6,0.0,1372,7,90.3,0.35,0.27,14.3,NOMINAL
2026-09-30 22:53:15,TN 58 AA 4920,Arun Kumar (Operator #104),68.4,-0.27,11.79631,79.37258,37.7,39.0,0.0,1358,7,89.7,0.34,0.19,9.3,NOMINAL
2026-09-30 22:53:17,TN 58 AA 4920,Arun Kumar (Operator #104),73.6,2.58,11.7989,79.37463,37.7,38.0,0.0,1489,7,90.3,0.29,0.21,20.3,NOMINAL
2026-09-30 22:53:19,TN 58 AA 4920,Arun Kumar (Operator #104),72.4,-0.58,11.80148,79.37667,37.7,35.8,0.0,1461,7,90.1,0.32,0.27,20.6,NOMINAL
2026-09-30 22:53:21,TN 58 AA 4920,Arun Kumar (Operator #104),70.2,-1.11,11.80407,79.37871,37.7,43.5,0.0,1404,7,90.5,0.34,0.21,9.5,NOMINAL
2026-09-30 22:53:23,TN 58 AA 4920,Arun Kumar (Operator #104),69.9,-0.14,11.80665,79.38075,37.7,36.2,0.0,1398,7,90.3,0.3,0.2,13.0,NOMINAL
2026-09-30 22:53:25,TN 58 AA 4920,Arun Kumar (Operator #104),67.6,-1.17,11.80924,79.38279,37.7,45.4,0.0,1338,7,90.3,0.34,0.26,17.1,NOMINAL
2026-09-30 22:53:27,TN 58 AA 4920,Arun Kumar (Operator #104),69.4,0.91,11.81182,79.38483,37.7,35.5,0.0,1385,7,90.4,0.34,0.24,21.0,NOMINAL
2026-09-30 22:53:29,TN 58 AA 4920,Arun Kumar (Operator #104),73.3,1.95,11.81441,79.38687,37.7,47.8,0.0,1482,7,90.8,0.32,0.21,19.7,NOMINAL
2026-09-30 22:53:31,TN 58 AA 4920,Arun Kumar (Operator #104),70.9,-1.21,11.81699,79.38891,37.7,44.4,0.0,1422,7,90.3,0.31,0.26,20.3,NOMINAL
2026-09-30 22:53:33,TN 58 AA 4920,Arun Kumar (Operator #104),67.0,-1.93,11.81958,79.39095,37.7,44.5,0.0,1326,7,90.2,0.29,0.19,21.8,NOMINAL
2026-09-30 22:53:35,TN 58 AA 4920,Arun Kumar (Operator #104),72.9,2.95,11.82216,79.393,37.7,37.7,0.0,1472,7,90.3,0.32,0.25,18.8,NOMINAL
2026-09-30 22:53:37,TN 58 AA 4920,Arun Kumar (Operator #104),68.2,-2.33,11.82475,79.39504,37.7,41.8,0.0,1355,7,90.0,0.35,0.26,19.1,NOMINAL
2026-09-30 22:53:39,TN 58 AA 4920,Arun Kumar (Operator #104),73.6,2.72,11.82734,79.39708,37.7,45.2,0.0,1490,7,90.1,0.33,0.25,16.2,NOMINAL
2026-09-30 22:53:41,TN 58 AA 4920,Arun Kumar (Operator #104),72.7,-0.46,11.82992,79.39912,37.7,47.7,0.0,1467,7,90.3,0.31,0.18,15.8,NOMINAL
2026-09-30 22:53:43,TN 58 AA 4920,Arun Kumar (Operator #104),70.4,-1.16,11.83251,79.40116,37.7,46.4,0.0,1409,7,90.3,0.35,0.26,14.5,NOMINAL
2026-09-30 22:53:45,TN 58 AA 4920,Arun Kumar (Operator #104),71.9,0.75,11.83509,79.4032,37.7,40.7,0.0,1447,7,89.9,0.33,0.2,9.1,NOMINAL
2026-09-30 22:53:47,TN 58 AA 4920,Arun Kumar (Operator #104),72.0,0.03,11.83768,79.40524,37.7,39.5,0.0,1449,7,90.6,0.29,0.27,20.9,NOMINAL
2026-09-30 22:53:49,TN 58 AA 4920,Arun Kumar (Operator #104),69.9,-1.03,11.84026,79.40728,37.7,47.2,0.0,1398,7,90.5,0.28,0.23,9.5,NOMINAL
2026-09-30 22:53:51,TN 58 AA 4920,Arun Kumar (Operator #104),71.0,0.53,11.84285,79.40932,37.7,38.9,0.0,1423,7,90.6,0.32,0.22,19.4,NOMINAL
2026-09-30 22:53:53,TN 58 AA 4920,Arun Kumar (Operator #104),73.7,1.35,11.84543,79.41137,37.7,40.0,0.0,1492,7,90.7,0.34,0.19,14.6,NOMINAL
2026-09-30 22:53:55,TN 58 AA 4920,Arun Kumar (Operator #104),69.4,-2.16,11.84802,79.41341,37.7,46.2,0.0,1384,7,90.4,0.3,0.22,17.9,NOMINAL
2026-09-30 22:53:57,TN 58 AA 4920,Arun Kumar (Operator #104),67.9,-0.76,11.8506,79.41545,37.7,36.7,0.0,1346,7,90.0,0.28,0.23,16.4,NOMINAL
2026-09-30 22:53:59,TN 58 AA 4920,Arun Kumar (Operator #104),71.5,1.78,11.85319,79.41749,37.7,45.9,0.0,1436,7,90.0,0.34,0.23,13.3,NOMINAL
2026-09-30 22:54:01,TN 58 AA 4920,Arun Kumar (Operator #104),68.3,-1.58,11.85578,79.41953,37.7,41.5,0.0,1358,7,90.1,0.34,0.18,13.7,NOMINAL
2026-09-30 22:54:03,TN 58 AA 4920,Arun Kumar (Operator #104),70.4,1.06,11.85836,79.42157,37.7,47.8,0.0,1410,7,90.5,0.32,0.22,12.9,NOMINAL
2026-09-30 22:54:05,TN 58 AA 4920,Arun Kumar (Operator #104),68.0,-1.2,11.86095,79.42361,37.7,44.4,0.0,1349,7,89.8,0.33,0.26,15.8,NOMINAL
2026-09-30 22:54:07,TN 58 AA 4920,Arun Kumar (Operator #104),70.7,1.35,11.86353,79.42565,37.7,35.6,0.0,1417,7,90.7,0.31,0.24,12.3,NOMINAL
2026-09-30 22:54:09,TN 58 AA 4920,Arun Kumar (Operator #104),73.7,1.5,11.86612,79.42769,37.7,43.7,0.0,1492,7,90.4,0.31,0.24,9.4,NOMINAL
2026-09-30 22:54:11,TN 58 AA 4920,Arun Kumar (Operator #104),67.2,-3.23,11.8687,79.42973,37.7,38.8,0.0,1331,7,89.6,0.34,0.24,20.6,NOMINAL
2026-09-30 22:54:13,TN 58 AA 4920,Arun Kumar (Operator #104),70.1,1.45,11.87129,79.43178,37.7,46.8,0.0,1402,7,89.8,0.29,0.24,21.5,NOMINAL
2026-09-30 22:54:15,TN 58 AA 4920,Arun Kumar (Operator #104),68.7,-0.71,11.87387,79.43382,37.7,46.5,0.0,1366,7,90.6,0.29,0.2,18.6,NOMINAL
2026-09-30 22:54:17,TN 58 AA 4920,Arun Kumar (Operator #104),69.1,0.22,11.87646,79.43586,37.7,46.7,0.0,1378,7,90.0,0.31,0.23,12.8,NOMINAL
2026-09-30 22:54:19,TN 58 AA 4920,Arun Kumar (Operator #104),67.7,-0.68,11.87904,79.4379,37.7,44.3,0.0,1343,7,89.7,0.29,0.24,9.1,NOMINAL
2026-09-30 22:54:21,TN 58 AA 4920,Arun Kumar (Operator #104),68.5,0.4,11.88163,79.43994,37.7,35.9,0.0,1362,7,90.2,0.33,0.22,22.0,NOMINAL
2026-09-30 22:54:23,TN 58 AA 4920,Arun Kumar (Operator #104),73.8,2.63,11.88421,79.44198,37.7,38.1,0.0,1493,7,90.0,0.31,0.25,11.2,NOMINAL
2026-09-30 22:54:25,TN 58 AA 4920,Arun Kumar (Operator #104),71.7,-1.04,11.8868,79.44402,37.7,42.4,0.0,1442,7,89.9,0.32,0.19,10.4,NOMINAL
2026-09-30 22:54:27,TN 58 AA 4920,Arun Kumar (Operator #104),72.5,0.42,11.88939,79.44606,37.7,41.2,0.0,1463,7,90.3,0.34,0.2,11.6,NOMINAL
2026-09-30 22:54:29,TN 58 AA 4920,Arun Kumar (Operator #104),71.1,-0.7,11.89197,79.4481,37.7,40.2,0.0,1427,7,89.9,0.34,0.26,8.8,NOMINAL
2026-09-30 22:54:31,TN 58 AA 4920,Arun Kumar (Operator #104),72.2,0.55,11.89456,79.45015,37.7,41.4,0.0,1454,7,90.0,0.34,0.27,14.3,NOMINAL
2026-09-30 22:54:33,TN 58 AA 4920,Arun Kumar (Operator #104),71.1,-0.57,11.89714,79.45219,37.7,37.9,0.0,1426,7,90.8,0.32,0.24,11.7,NOMINAL
2026-09-30 22:54:35,TN 58 AA 4920,Arun Kumar (Operator #104),71.1,-0.01,11.89973,79.45423,37.7,43.0,0.0,1427,7,90.1,0.31,0.19,19.8,NOMINAL
2026-09-30 22:54:37,TN 58 AA 4920,Arun Kumar (Operator #104),73.6,1.23,11.90231,79.45627,37.7,41.3,0.0,1489,7,90.0,0.31,0.21,14.2,NOMINAL
2026-09-30 22:54:39,TN 58 AA 4920,Arun Kumar (Operator #104),70.2,-1.69,11.9049,79.45831,37.7,42.0,0.0,1405,7,90.7,0.28,0.18,11.7,NOMINAL
2026-09-30 22:54:41,TN 58 AA 4920,Arun Kumar (Operator #104),67.1,-1.57,11.90748,79.46035,37.7,43.5,0.0,1326,7,89.8,0.33,0.19,20.8,NOMINAL
2026-09-30 22:54:43,TN 58 AA 4920,Arun Kumar (Operator #104),68.3,0.59,11.91007,79.46239,37.7,43.4,0.0,1356,7,90.0,0.34,0.21,19.8,NOMINAL
2026-09-30 22:54:45,TN 58 AA 4920,Arun Kumar (Operator #104),69.1,0.38,11.91265,79.46443,37.7,41.7,0.0,1376,7,90.6,0.34,0.21,10.8,NOMINAL
2026-09-30 22:54:47,TN 58 AA 4920,Arun Kumar (Operator #104),73.0,1.94,11.91524,79.46647,37.7,35.5,0.0,1474,7,90.7,0.35,0.27,8.1,NOMINAL
2026-09-30 22:54:49,TN 58 AA 4920,Arun Kumar (Operator #104),69.2,-1.91,11.91783,79.46852,37.7,41.3,0.0,1379,7,90.1,0.28,0.2,10.6,NOMINAL
2026-09-30 22:54:51,TN 58 AA 4920,Arun Kumar (Operator #104),71.6,1.18,11.92041,79.47056,37.7,46.7,0.0,1439,7,90.3,0.33,0.24,10.0,NOMINAL
2026-09-30 22:54:53,TN 58 AA 4920,Arun Kumar (Operator #104),73.5,0.93,11.923,79.4726,37.7,42.5,0.0,1486,7,90.4,0.33,0.25,21.5,NOMINAL
2026-09-30 22:54:55,TN 58 AA 4920,Arun Kumar (Operator #104),69.1,-2.21,11.92558,79.47464,37.7,47.7,0.0,1376,7,90.0,0.31,0.23,18.3,NOMINAL
2026-09-30 22:54:57,TN 58 AA 4920,Arun Kumar (Operator #104),71.1,1.02,11.92817,79.47668,37.7,44.9,0.0,1428,7,90.1,0.33,0.2,11.3,NOMINAL
2026-09-30 22:54:59,TN 58 AA 4920,Arun Kumar (Operator #104),72.7,0.79,11.93075,79.47872,37.7,44.3,0.0,1467,7,90.5,0.31,0.22,21.3,NOMINAL
2026-09-30 22:55:01,TN 58 AA 4920,Arun Kumar (Operator #104),68.8,-1.97,11.93334,79.48076,37.7,38.6,0.0,1369,7,90.0,0.31,0.2,10.3,NOMINAL
2026-09-30 22:55:03,TN 58 AA 4920,Arun Kumar (Operator #104),71.1,1.13,11.93592,79.4828,37.7,40.3,0.0,1426,7,90.6,0.31,0.22,20.3,NOMINAL
2026-09-30 22:55:05,TN 58 AA 4920,Arun Kumar (Operator #104),71.2,0.04,11.93851,79.48484,37.7,39.7,0.0,1429,7,90.0,0.32,0.27,12.7,NOMINAL
2026-09-30 22:55:07,TN 58 AA 4920,Arun Kumar (Operator #104),71.6,0.19,11.94127,79.48676,28.7,43.7,0.0,1439,7,90.2,0.35,0.23,10.7,NOMINAL
2026-09-30 22:55:09,TN 58 AA 4920,Arun Kumar (Operator #104),68.0,-1.78,11.94433,79.48846,28.7,46.0,0.0,1351,7,89.8,0.31,0.25,18.8,NOMINAL
2026-09-30 22:55:11,TN 58 AA 4920,Arun Kumar (Operator #104),67.2,-0.41,11.94738,79.49017,28.7,41.4,0.0,1329,7,89.7,0.32,0.22,18.7,NOMINAL
2026-09-30 22:55:13,TN 58 AA 4920,Arun Kumar (Operator #104),70.7,1.74,11.95043,79.49187,28.7,37.9,0.0,1416,7,90.4,0.34,0.18,19.9,NOMINAL
2026-09-30 22:55:15,TN 58 AA 4920,Arun Kumar (Operator #104),72.6,0.95,11.95348,79.49358,28.7,42.6,0.0,1465,7,90.7,0.29,0.21,13.2,NOMINAL
2026-09-30 22:55:17,TN 58 AA 4920,Arun Kumar (Operator #104),71.8,-0.42,11.95653,79.49529,28.7,44.8,0.0,1444,7,90.1,0.32,0.22,10.1,NOMINAL
2026-09-30 22:55:19,TN 58 AA 4920,Arun Kumar (Operator #104),68.5,-1.66,11.95958,79.49699,28.7,36.9,0.0,1362,7,89.8,0.35,0.2,20.3,NOMINAL
2026-09-30 22:55:21,TN 58 AA 4920,Arun Kumar (Operator #104),69.4,0.45,11.96264,79.4987,28.7,45.4,0.0,1385,7,90.6,0.31,0.21,13.0,NOMINAL
2026-09-30 22:55:23,TN 58 AA 4920,Arun Kumar (Operator #104),67.6,-0.89,11.96569,79.5004,28.7,40.0,0.0,1340,7,90.2,0.29,0.19,17.5,NOMINAL
2026-09-30 22:55:25,TN 58 AA 4920,Arun Kumar (Operator #104),67.4,-0.12,11.96874,79.50211,28.7,36.2,0.0,1333,7,89.6,0.32,0.21,15.4,NOMINAL
2026-09-30 22:55:27,TN 58 AA 4920,Arun Kumar (Operator #104),70.3,1.43,11.97179,79.50382,28.7,42.0,0.0,1406,7,90.0,0.31,0.19,11.6,NOMINAL
2026-09-30 22:55:29,TN 58 AA 4920,Arun Kumar (Operator #104),68.5,-0.91,11.97484,79.50552,28.7,46.0,0.0,1361,7,90.5,0.32,0.23,19.5,NOMINAL
2026-09-30 22:55:31,TN 58 AA 4920,Arun Kumar (Operator #104),71.4,1.46,11.97789,79.50723,28.7,36.0,0.0,1435,7,90.2,0.32,0.19,19.3,NOMINAL
2026-09-30 22:55:33,TN 58 AA 4920,Arun Kumar (Operator #104),71.5,0.03,11.98095,79.50893,28.7,41.1,0.0,1436,7,90.7,0.35,0.21,20.5,NOMINAL
2026-09-30 22:55:35,TN 58 AA 4920,Arun Kumar (Operator #104),73.6,1.06,11.984,79.51064,28.7,40.0,0.0,1490,7,90.5,0.31,0.23,17.4,NOMINAL
2026-09-30 22:55:37,TN 58 AA 4920,Arun Kumar (Operator #104),69.5,-2.06,11.98705,79.51234,28.7,47.3,0.0,1387,7,89.8,0.3,0.18,9.0,NOMINAL
2026-09-30 22:55:39,TN 58 AA 4920,Arun Kumar (Operator #104),71.9,1.22,11.9901,79.51405,28.7,47.3,0.0,1448,7,90.2,0.3,0.2,11.1,NOMINAL
2026-09-30 22:55:41,TN 58 AA 4920,Arun Kumar (Operator #104),68.1,-1.92,11.99315,79.51576,28.7,37.8,0.0,1351,7,90.6,0.33,0.21,14.1,NOMINAL
2026-09-30 22:55:43,TN 58 AA 4920,Arun Kumar (Operator #104),70.8,1.36,11.9962,79.51746,28.7,36.4,0.0,1420,7,90.2,0.34,0.22,12.5,NOMINAL
2026-09-30 22:55:45,TN 58 AA 4920,Arun Kumar (Operator #104),71.6,0.4,11.99926,79.51917,28.7,38.4,0.0,1439,7,90.2,0.35,0.24,12.9,NOMINAL
2026-09-30 22:55:47,TN 58 AA 4920,Arun Kumar (Operator #104),72.0,0.18,12.00231,79.52087,28.7,41.1,0.0,1448,7,90.5,0.29,0.23,15.6,NOMINAL
2026-09-30 22:55:49,TN 58 AA 4920,Arun Kumar (Operator #104),69.7,-1.16,12.00536,79.52258,28.7,42.4,0.0,1392,7,90.4,0.34,0.22,10.6,NOMINAL
2026-09-30 22:55:51,TN 58 AA 4920,Arun Kumar (Operator #104),68.3,-0.69,12.00841,79.52429,28.7,36.7,0.0,1358,7,89.7,0.34,0.23,8.1,NOMINAL
2026-09-30 22:55:53,TN 58 AA 4920,Arun Kumar (Operator #104),68.6,0.13,12.01146,79.52599,28.7,40.6,0.0,1364,7,89.9,0.3,0.22,16.9,NOMINAL
2026-09-30 22:55:55,TN 58 AA 4920,Arun Kumar (Operator #104),69.8,0.59,12.01452,79.5277,28.7,47.0,0.0,1394,7,90.5,0.3,0.24,18.4,NOMINAL
2026-09-30 22:55:57,TN 58 AA 4920,Arun Kumar (Operator #104),67.6,-1.09,12.01757,79.5294,28.7,43.0,0.0,1340,7,90.2,0.33,0.19,13.3,NOMINAL
2026-09-30 22:55:59,TN 58 AA 4920,Arun Kumar (Operator #104),72.4,2.38,12.02062,79.53111,28.7,42.6,0.0,1459,7,90.0,0.3,0.23,10.1,NOMINAL
2026-09-30 22:56:01,TN 58 AA 4920,Arun Kumar (Operator #104),73.4,0.51,12.02367,79.53282,28.7,45.3,0.0,1485,7,90.7,0.32,0.27,15.1,NOMINAL
2026-09-30 22:56:03,TN 58 AA 4920,Arun Kumar (Operator #104),67.9,-2.77,12.02672,79.53452,28.7,40.7,0.0,1346,7,90.4,0.3,0.21,18.8,NOMINAL
2026-09-30 22:56:05,TN 58 AA 4920,Arun Kumar (Operator #104),71.2,1.66,12.02977,79.53623,28.7,36.3,0.0,1430,7,90.4,0.35,0.27,9.0,NOMINAL
2026-09-30 22:56:07,TN 58 AA 4920,Arun Kumar (Operator #104),69.3,-0.95,12.03283,79.53793,28.7,39.0,0.0,1382,7,90.4,0.29,0.2,17.0,NOMINAL
2026-09-30 22:56:09,TN 58 AA 4920,Arun Kumar (Operator #104),69.6,0.13,12.03588,79.53964,28.7,36.5,0.0,1388,7,90.5,0.34,0.24,9.0,NOMINAL
2026-09-30 22:56:11,TN 58 AA 4920,Arun Kumar (Operator #104),67.7,-0.95,12.03893,79.54135,28.7,39.1,0.0,1342,7,89.7,0.3,0.24,12.8,NOMINAL
2026-09-30 22:56:13,TN 58 AA 4920,Arun Kumar (Operator #104),73.2,2.76,12.04198,79.54305,28.7,36.8,0.0,1480,7,90.3,0.34,0.25,17.2,NOMINAL
2026-09-30 22:56:15,TN 58 AA 4920,Arun Kumar (Operator #104),70.3,-1.43,12.04503,79.54476,28.7,35.9,0.0,1408,7,89.9,0.33,0.2,19.1,NOMINAL
2026-09-30 22:56:17,TN 58 AA 4920,Arun Kumar (Operator #104),71.4,0.53,12.04808,79.54646,28.7,37.8,0.0,1433,7,90.8,0.34,0.21,18.3,NOMINAL
2026-09-30 22:56:19,TN 58 AA 4920,Arun Kumar (Operator #104),73.1,0.83,12.05114,79.54817,28.7,35.8,0.0,1476,7,90.2,0.33,0.22,21.9,NOMINAL
2026-09-30 22:56:21,TN 58 AA 4920,Arun Kumar (Operator #104),67.5,-2.8,12.05419,79.54988,28.7,45.2,0.0,1337,7,89.9,0.3,0.24,22.0,NOMINAL
2026-09-30 22:56:23,TN 58 AA 4920,Arun Kumar (Operator #104),72.7,2.58,12.05724,79.55158,28.7,37.0,0.0,1466,7,90.7,0.35,0.24,19.0,NOMINAL
2026-09-30 22:56:25,TN 58 AA 4920,Arun Kumar (Operator #104),69.8,-1.47,12.06029,79.55329,28.7,39.6,0.0,1393,7,90.0,0.34,0.26,12.6,NOMINAL
2026-09-30 22:56:27,TN 58 AA 4920,Arun Kumar (Operator #104),68.6,-0.6,12.06334,79.55499,28.7,41.3,0.0,1365,7,90.1,0.34,0.2,17.2,NOMINAL
2026-09-30 22:56:29,TN 58 AA 4920,Arun Kumar (Operator #104),70.8,1.12,12.06639,79.5567,28.7,38.4,0.0,1420,7,89.9,0.3,0.2,16.1,NOMINAL
2026-09-30 22:56:31,TN 58 AA 4920,Arun Kumar (Operator #104),70.4,-0.19,12.06945,79.5584,28.7,44.2,0.0,1410,7,89.9,0.34,0.2,14.6,NOMINAL
2026-09-30 22:56:33,TN 58 AA 4920,Arun Kumar (Operator #104),73.7,1.66,12.0725,79.56011,28.7,46.1,0.0,1492,7,90.3,0.34,0.27,15.8,NOMINAL
2026-09-30 22:56:35,TN 58 AA 4920,Arun Kumar (Operator #104),71.6,-1.07,12.07555,79.56182,28.7,46.3,0.0,1439,7,89.9,0.31,0.22,16.4,NOMINAL
2026-09-30 22:56:37,TN 58 AA 4920,Arun Kumar (Operator #104),70.4,-0.62,12.0786,79.56352,28.7,41.7,0.0,1409,7,90.0,0.31,0.19,14.2,NOMINAL
2026-09-30 22:56:39,TN 58 AA 4920,Arun Kumar (Operator #104),72.2,0.92,12.08165,79.56523,28.7,42.4,0.0,1455,7,90.5,0.29,0.24,10.8,NOMINAL
2026-09-30 22:56:41,TN 58 AA 4920,Arun Kumar (Operator #104),70.4,-0.92,12.0847,79.56693,28.7,40.5,0.0,1409,7,89.8,0.29,0.22,20.4,NOMINAL
2026-09-30 22:56:43,TN 58 AA 4920,Arun Kumar (Operator #104),72.6,1.1,12.08776,79.56864,28.7,40.4,0.0,1464,7,90.8,0.34,0.26,18.2,NOMINAL
2026-09-30 22:56:45,TN 58 AA 4920,Arun Kumar (Operator #104),68.7,-1.95,12.09081,79.57035,28.7,44.9,0.0,1367,7,89.7,0.34,0.19,13.3,NOMINAL
2026-09-30 22:56:47,TN 58 AA 4920,Arun Kumar (Operator #104),70.6,0.93,12.09386,79.57205,28.7,40.6,0.0,1414,7,90.0,0.35,0.2,14.4,NOMINAL
2026-09-30 22:56:49,TN 58 AA 4920,Arun Kumar (Operator #104),70.6,-0.01,12.09691,79.57376,28.7,47.4,0.0,1414,7,90.7,0.32,0.21,18.1,NOMINAL
2026-09-30 22:56:51,TN 58 AA 4920,Arun Kumar (Operator #104),68.0,-1.3,12.09996,79.57546,28.7,41.6,0.0,1350,7,89.7,0.3,0.21,21.1,NOMINAL
2026-09-30 22:56:53,TN 58 AA 4920,Arun Kumar (Operator #104),72.2,2.08,12.10301,79.57717,28.7,43.9,0.0,1453,7,90.2,0.28,0.18,20.6,NOMINAL
2026-09-30 22:56:55,TN 58 AA 4920,Arun Kumar (Operator #104),70.4,-0.9,12.10607,79.57888,28.7,44.7,0.0,1410,7,90.1,0.3,0.19,19.3,NOMINAL
2026-09-30 22:56:57,TN 58 AA 4920,Arun Kumar (Operator #104),67.8,-1.31,12.10912,79.58058,28.7,44.1,0.0,1344,7,90.4,0.3,0.23,14.9,NOMINAL
2026-09-30 22:56:59,TN 58 AA 4920,Arun Kumar (Operator #104),69.3,0.76,12.11217,79.58229,28.7,35.0,0.0,1383,7,89.8,0.29,0.26,21.2,NOMINAL
2026-09-30 22:57:01,TN 58 AA 4920,Arun Kumar (Operator #104),68.4,-0.43,12.11522,79.58399,28.7,46.2,0.0,1361,7,89.8,0.32,0.2,20.2,NOMINAL
2026-09-30 22:57:03,TN 58 AA 4920,Arun Kumar (Operator #104),70.9,1.23,12.11827,79.5857,28.7,43.2,0.0,1421,7,89.9,0.34,0.26,14.6,NOMINAL
2026-09-30 22:57:05,TN 58 AA 4920,Arun Kumar (Operator #104),69.3,-0.81,12.12133,79.58741,28.7,46.8,0.0,1381,7,90.2,0.31,0.23,21.0,NOMINAL
2026-09-30 22:57:07,TN 58 AA 4920,Arun Kumar (Operator #104),68.8,-0.25,12.12438,79.58911,28.7,35.6,0.0,1369,7,90.0,0.3,0.25,11.9,NOMINAL
2026-09-30 22:57:09,TN 58 AA 4920,Arun Kumar (Operator #104),67.3,-0.75,12.12743,79.59082,28.7,36.0,0.0,1332,7,89.7,0.33,0.27,15.9,NOMINAL
2026-09-30 22:57:11,TN 58 AA 4920,Arun Kumar (Operator #104),69.2,0.94,12.13048,79.59252,28.7,47.1,0.0,1379,7,90.0,0.29,0.24,18.3,NOMINAL
2026-09-30 22:57:13,TN 58 AA 4920,Arun Kumar (Operator #104),73.6,2.22,12.13353,79.59423,28.7,43.0,0.0,1490,7,90.3,0.31,0.26,10.8,NOMINAL
2026-09-30 22:57:15,TN 58 AA 4920,Arun Kumar (Operator #104),67.3,-3.15,12.13658,79.59594,28.7,41.1,0.0,1332,7,90.2,0.3,0.21,10.6,NOMINAL
2026-09-30 22:57:17,TN 58 AA 4920,Arun Kumar (Operator #104),71.0,1.85,12.13964,79.59764,28.7,44.4,0.0,1425,7,90.0,0.32,0.27,20.3,NOMINAL
2026-09-30 22:57:19,TN 58 AA 4920,Arun Kumar (Operator #104),68.6,-1.2,12.14269,79.59935,28.7,35.7,0.0,1365,7,89.7,0.32,0.22,20.4,NOMINAL
2026-09-30 22:57:21,TN 58 AA 4920,Arun Kumar (Operator #104),67.8,-0.4,12.14574,79.60105,28.7,35.7,0.0,1345,7,90.1,0.31,0.25,14.6,NOMINAL
2026-09-30 22:57:23,TN 58 AA 4920,Arun Kumar (Operator #104),68.2,0.2,12.14879,79.60276,28.7,44.6,0.0,1354,7,90.1,0.33,0.26,19.6,NOMINAL
2026-09-30 22:57:25,TN 58 AA 4920,Arun Kumar (Operator #104),67.7,-0.26,12.15184,79.60446,28.7,39.1,0.0,1341,7,90.3,0.35,0.23,9.8,NOMINAL
2026-09-30 22:57:27,TN 58 AA 4920,Arun Kumar (Operator #104),72.9,2.59,12.15489,79.60617,28.7,35.7,0.0,1471,7,90.8,0.35,0.19,16.1,NOMINAL
2026-09-30 22:57:29,TN 58 AA 4920,Arun Kumar (Operator #104),73.4,0.27,12.15795,79.60788,28.7,45.4,0.0,1485,7,90.5,0.34,0.26,11.3,NOMINAL
2026-09-30 22:57:31,TN 58 AA 4920,Arun Kumar (Operator #104),68.7,-2.33,12.161,79.60958,28.7,46.0,0.0,1368,7,90.2,0.29,0.22,21.2,NOMINAL
2026-09-30 22:57:33,TN 58 AA 4920,Arun Kumar (Operator #104),69.7,0.49,12.16405,79.61129,28.7,42.6,0.0,1391,7,90.2,0.33,0.25,9.5,NOMINAL
2026-09-30 22:57:35,TN 58 AA 4920,Arun Kumar (Operator #104),70.3,0.32,12.1671,79.61299,28.7,48.0,0.0,1408,7,89.9,0.33,0.25,21.3,NOMINAL
2026-09-30 22:57:37,TN 58 AA 4920,Arun Kumar (Operator #104),70.0,-0.13,12.17015,79.6147,28.7,36.8,0.0,1401,7,90.3,0.31,0.26,12.2,NOMINAL
2026-09-30 22:57:39,TN 58 AA 4920,Arun Kumar (Operator #104),73.8,1.92,12.1732,79.61641,28.7,45.8,0.0,1496,7,90.6,0.34,0.23,16.6,NOMINAL
2026-09-30 22:57:41,TN 58 AA 4920,Arun Kumar (Operator #104),69.2,-2.3,12.17626,79.61811,28.7,39.8,0.0,1379,7,90.5,0.29,0.26,20.1,NOMINAL
2026-09-30 22:57:43,TN 58 AA 4920,Arun Kumar (Operator #104),69.2,-0.01,12.17931,79.61982,28.7,35.6,0.0,1379,7,90.5,0.34,0.24,21.1,NOMINAL
2026-09-30 22:57:45,TN 58 AA 4920,Arun Kumar (Operator #104),72.6,1.69,12.18236,79.62152,28.7,44.3,0.0,1464,7,90.6,0.35,0.24,13.3,NOMINAL
2026-09-30 22:57:47,TN 58 AA 4920,Arun Kumar (Operator #104),72.7,0.06,12.18541,79.62323,28.7,47.8,0.0,1467,7,90.6,0.29,0.23,8.3,NOMINAL
2026-09-30 22:57:49,TN 58 AA 4920,Arun Kumar (Operator #104),66.0,-3.34,12.18846,79.62494,28.7,40.0,0.0,1450,7,89.5,0.28,0.77,75.6,WARNING
2026-09-30 22:57:51,TN 58 AA 4920,Arun Kumar (Operator #104),69.2,1.58,12.19151,79.62664,28.7,40.0,0.0,1450,7,89.7,0.23,0.8,74.5,WARNING
2026-09-30 22:57:53,TN 58 AA 4920,Arun Kumar (Operator #104),66.8,-1.2,12.19457,79.62835,28.7,40.0,0.0,1450,7,90.1,0.25,0.75,77.6,WARNING
2026-09-30 22:57:55,TN 58 AA 4920,Arun Kumar (Operator #104),67.6,0.4,12.19762,79.63005,28.7,40.0,0.0,1450,7,89.8,0.23,0.7,69.2,WARNING
2026-09-30 22:57:57,TN 58 AA 4920,Arun Kumar (Operator #104),68.3,0.35,12.20067,79.63176,28.7,40.0,0.0,1450,7,90.4,0.25,0.75,65.3,WARNING
2026-09-30 22:57:59,TN 58 AA 4920,Arun Kumar (Operator #104),67.1,-0.59,12.20372,79.63347,28.7,40.0,0.0,1450,7,89.6,0.23,0.73,73.3,WARNING
2026-09-30 22:58:01,TN 58 AA 4920,Arun Kumar (Operator #104),67.2,0.06,12.20677,79.63517,28.7,40.0,0.0,1450,7,89.7,0.24,0.76,67.0,WARNING
2026-09-30 22:58:03,TN 58 AA 4920,Arun Kumar (Operator #104),67.8,0.32,12.20983,79.63688,28.7,40.0,0.0,1450,7,90.5,0.22,0.77,75.1,WARNING
2026-09-30 22:58:05,TN 58 AA 4920,Arun Kumar (Operator #104),69.5,0.84,12.21288,79.63858,28.7,40.0,0.0,1450,7,90.0,0.25,0.67,74.8,WARNING
2026-09-30 22:58:07,TN 58 AA 4920,Arun Kumar (Operator #104),67.6,-0.96,12.21593,79.64029,28.7,40.0,0.0,1450,7,89.7,0.25,0.72,72.3,WARNING
2026-09-30 22:58:09,TN 58 AA 4920,Arun Kumar (Operator #104),68.1,0.23,12.21898,79.642,28.7,40.0,0.0,1450,7,90.0,0.28,0.81,74.7,WARNING
2026-09-30 22:58:11,TN 58 AA 4920,Arun Kumar (Operator #104),66.3,-0.9,12.22203,79.6437,28.7,40.0,0.0,1450,7,90.2,0.25,0.76,71.9,WARNING
2026-09-30 22:58:13,TN 58 AA 4920,Arun Kumar (Operator #104),67.7,0.7,12.22508,79.64541,28.7,40.0,0.0,1450,7,90.0,0.25,0.7,70.6,WARNING
2026-09-30 22:58:15,TN 58 AA 4920,Arun Kumar (Operator #104),69.2,0.75,12.22814,79.64711,28.7,40.0,0.0,1450,7,89.7,0.27,0.69,69.9,WARNING
2026-09-30 22:58:17,TN 58 AA 4920,Arun Kumar (Operator #104),66.2,-1.52,12.23119,79.64882,28.7,40.0,0.0,1450,7,89.6,0.27,0.73,72.0,WARNING
2026-09-30 22:58:19,TN 58 AA 4920,Arun Kumar (Operator #104),68.4,1.09,12.23394,79.65059,41.9,40.0,0.0,1450,7,90.0,0.26,0.82,73.2,WARNING
2026-09-30 22:58:21,TN 58 AA 4920,Arun Kumar (Operator #104),69.5,0.56,12.23602,79.65249,41.9,40.0,0.0,1450,7,90.3,0.24,0.8,76.6,WARNING
2026-09-30 22:58:23,TN 58 AA 4920,Arun Kumar (Operator #104),66.1,-1.71,12.2381,79.6544,41.9,40.0,0.0,1450,7,90.3,0.25,0.74,71.3,WARNING
2026-09-30 22:58:25,TN 58 AA 4920,Arun Kumar (Operator #104),66.8,0.33,12.24019,79.65631,41.9,40.0,0.0,1450,7,90.0,0.23,0.79,72.2,WARNING
2026-09-30 22:58:27,TN 58 AA 4920,Arun Kumar (Operator #104),67.4,0.3,12.24227,79.65822,41.9,40.0,0.0,1450,7,89.9,0.22,0.74,68.7,WARNING
2026-09-30 22:58:29,TN 58 AA 4920,Arun Kumar (Operator #104),68.5,0.56,12.24435,79.66013,41.9,40.0,0.0,1450,7,90.0,0.26,0.78,73.1,WARNING
2026-09-30 22:58:31,TN 58 AA 4920,Arun Kumar (Operator #104),68.5,0.0,12.24643,79.66203,41.9,40.0,0.0,1450,7,90.1,0.25,0.66,68.9,WARNING
2026-09-30 22:58:33,TN 58 AA 4920,Arun Kumar (Operator #104),69.5,0.48,12.24851,79.66394,41.9,40.0,0.0,1450,7,90.6,0.24,0.71,76.6,WARNING
2026-09-30 22:58:35,TN 58 AA 4920,Arun Kumar (Operator #104),67.9,-0.78,12.25059,79.66585,41.9,40.0,0.0,1450,7,89.6,0.26,0.68,66.4,WARNING
2026-09-30 22:58:37,TN 58 AA 4920,Arun Kumar (Operator #104),69.9,0.98,12.25268,79.66776,41.9,40.0,0.0,1450,7,90.0,0.25,0.73,69.6,WARNING
2026-09-30 22:58:39,TN 58 AA 4920,Arun Kumar (Operator #104),68.4,-0.74,12.25476,79.66967,41.9,40.0,0.0,1450,7,89.7,0.25,0.78,77.6,WARNING
2026-09-30 22:58:41,TN 58 AA 4920,Arun Kumar (Operator #104),66.5,-0.93,12.25684,79.67157,41.9,40.0,0.0,1450,7,89.9,0.23,0.75,77.7,WARNING
2026-09-30 22:58:43,TN 58 AA 4920,Arun Kumar (Operator #104),67.4,0.44,12.25892,79.67348,41.9,40.0,0.0,1450,7,90.0,0.22,0.74,68.7,WARNING
2026-09-30 22:58:45,TN 58 AA 4920,Arun Kumar (Operator #104),66.0,-0.68,12.261,79.67539,41.9,40.0,0.0,1450,7,90.2,0.25,0.79,71.3,WARNING
2026-09-30 22:58:47,TN 58 AA 4920,Arun Kumar (Operator #104),66.9,0.47,12.26308,79.6773,41.9,40.0,0.0,1450,7,89.6,0.27,0.71,71.5,WARNING
2026-09-30 22:58:49,TN 58 AA 4920,Arun Kumar (Operator #104),68.6,0.85,12.26517,79.6792,41.9,40.0,0.0,1450,7,89.6,0.28,0.7,67.8,WARNING
2026-09-30 22:58:51,TN 58 AA 4920,Arun Kumar (Operator #104),69.8,0.59,12.26725,79.68111,41.9,40.0,0.0,1450,7,90.0,0.25,0.69,74.5,WARNING
2026-09-30 22:58:53,TN 58 AA 4920,Arun Kumar (Operator #104),69.2,-0.28,12.26933,79.68302,41.9,40.0,0.0,1450,7,90.2,0.27,0.81,72.1,WARNING
2026-09-30 22:58:55,TN 58 AA 4920,Arun Kumar (Operator #104),66.4,-1.39,12.27141,79.68493,41.9,40.0,0.0,1450,7,89.5,0.24,0.8,71.3,WARNING
2026-09-30 22:58:57,TN 58 AA 4920,Arun Kumar (Operator #104),69.8,1.69,12.27349,79.68684,41.9,40.0,0.0,1450,7,90.0,0.22,0.76,77.6,WARNING
2026-09-30 22:58:59,TN 58 AA 4920,Arun Kumar (Operator #104),68.9,-0.46,12.27557,79.68874,41.9,40.0,0.0,1450,7,90.4,0.25,0.71,65.1,WARNING
2026-09-30 22:59:01,TN 58 AA 4920,Arun Kumar (Operator #104),69.6,0.34,12.27766,79.69065,41.9,40.0,0.0,1450,7,90.0,0.27,0.67,71.6,WARNING
2026-09-30 22:59:03,TN 58 AA 4920,Arun Kumar (Operator #104),68.5,-0.53,12.27974,79.69256,41.9,40.0,0.0,1450,7,90.4,0.25,0.79,69.3,WARNING
2026-09-30 22:59:05,TN 58 AA 4920,Arun Kumar (Operator #104),68.6,0.03,12.28182,79.69447,41.9,40.0,0.0,1450,7,89.8,0.27,0.67,73.1,WARNING
2026-09-30 22:59:07,TN 58 AA 4920,Arun Kumar (Operator #104),69.0,0.18,12.2839,79.69638,41.9,40.0,0.0,1450,7,90.0,0.25,0.82,67.1,WARNING
2026-09-30 22:59:09,TN 58 AA 4920,Arun Kumar (Operator #104),68.6,-0.18,12.28598,79.69828,41.9,40.0,0.0,1450,7,89.7,0.28,0.8,71.4,WARNING
2026-09-30 22:59:11,TN 58 AA 4920,Arun Kumar (Operator #104),69.0,0.22,12.28806,79.70019,41.9,40.0,0.0,1375,7,90.6,0.33,0.23,18.6,NOMINAL
2026-09-30 22:59:13,TN 58 AA 4920,Arun Kumar (Operator #104),73.8,2.41,12.29015,79.7021,41.9,44.3,0.0,1495,7,90.3,0.29,0.2,21.8,NOMINAL
2026-09-30 22:59:15,TN 58 AA 4920,Arun Kumar (Operator #104),69.8,-2.0,12.29223,79.70401,41.9,43.0,0.0,1395,7,90.1,0.29,0.26,18.0,NOMINAL
2026-09-30 22:59:17,TN 58 AA 4920,Arun Kumar (Operator #104),72.7,1.47,12.29431,79.70591,41.9,43.4,0.0,1468,7,90.0,0.29,0.23,17.4,NOMINAL
2026-09-30 22:59:19,TN 58 AA 4920,Arun Kumar (Operator #104),71.9,-0.41,12.29639,79.70782,41.9,46.8,0.0,1447,7,90.2,0.29,0.25,12.9,NOMINAL
2026-09-30 22:59:21,TN 58 AA 4920,Arun Kumar (Operator #104),69.7,-1.08,12.29847,79.70973,41.9,43.8,0.0,1393,7,90.5,0.29,0.2,18.4,NOMINAL
2026-09-30 22:59:23,TN 58 AA 4920,Arun Kumar (Operator #104),73.8,2.06,12.30055,79.71164,41.9,35.8,0.0,1495,7,90.5,0.33,0.24,18.2,NOMINAL
2026-09-30 22:59:25,TN 58 AA 4920,Arun Kumar (Operator #104),70.4,-1.7,12.30264,79.71355,41.9,36.6,0.0,1410,7,90.1,0.29,0.2,19.6,NOMINAL
2026-09-30 22:59:27,TN 58 AA 4920,Arun Kumar (Operator #104),72.0,0.82,12.30472,79.71545,41.9,41.2,0.0,1451,7,90.7,0.29,0.25,13.1,NOMINAL
2026-09-30 22:59:29,TN 58 AA 4920,Arun Kumar (Operator #104),67.6,-2.19,12.3068,79.71736,41.9,41.7,0.0,1340,7,89.7,0.34,0.2,10.7,NOMINAL
2026-09-30 22:59:31,TN 58 AA 4920,Arun Kumar (Operator #104),68.7,0.53,12.30888,79.71927,41.9,38.4,0.0,1366,7,89.8,0.31,0.27,15.1,NOMINAL
2026-09-30 22:59:33,TN 58 AA 4920,Arun Kumar (Operator #104),73.0,2.16,12.31096,79.72118,41.9,42.2,0.0,1475,7,89.9,0.31,0.27,19.3,NOMINAL
2026-09-30 22:59:35,TN 58 AA 4920,Arun Kumar (Operator #104),73.3,0.14,12.31304,79.72309,41.9,41.5,0.0,1481,7,90.3,0.29,0.24,8.2,NOMINAL
2026-09-30 22:59:37,TN 58 AA 4920,Arun Kumar (Operator #104),72.9,-0.19,12.31513,79.72499,41.9,39.5,0.0,1472,7,90.4,0.29,0.26,22.0,NOMINAL
2026-09-30 22:59:39,TN 58 AA 4920,Arun Kumar (Operator #104),70.9,-0.99,12.31721,79.7269,41.9,35.7,0.0,1422,7,90.2,0.29,0.23,10.7,NOMINAL
2026-09-30 22:59:41,TN 58 AA 4920,Arun Kumar (Operator #104),69.5,-0.68,12.31929,79.72881,41.9,36.6,0.0,1388,7,89.8,0.31,0.27,20.8,NOMINAL
2026-09-30 22:59:43,TN 58 AA 4920,Arun Kumar (Operator #104),67.8,-0.87,12.32137,79.73072,41.9,39.3,0.0,1343,7,89.9,0.29,0.21,20.1,NOMINAL
2026-09-30 22:59:45,TN 58 AA 4920,Arun Kumar (Operator #104),73.3,2.75,12.32345,79.73262,41.9,37.0,0.0,1482,7,90.4,0.29,0.19,12.6,NOMINAL
2026-09-30 22:59:47,TN 58 AA 4920,Arun Kumar (Operator #104),68.2,-2.55,12.32553,79.73453,41.9,41.1,0.0,1355,7,89.9,0.31,0.26,21.9,NOMINAL
2026-09-30 22:59:49,TN 58 AA 4920,Arun Kumar (Operator #104),72.6,2.2,12.32762,79.73644,41.9,41.6,0.0,1465,7,90.3,0.28,0.26,13.3,NOMINAL
2026-09-30 22:59:51,TN 58 AA 4920,Arun Kumar (Operator #104),71.5,-0.53,12.3297,79.73835,41.9,47.8,0.0,1438,7,89.9,0.33,0.27,13.2,NOMINAL
2026-09-30 22:59:53,TN 58 AA 4920,Arun Kumar (Operator #104),67.7,-1.88,12.33178,79.74026,41.9,45.3,0.0,1343,7,90.5,0.3,0.22,13.9,NOMINAL
2026-09-30 22:59:55,TN 58 AA 4920,Arun Kumar (Operator #104),71.4,1.85,12.33386,79.74216,41.9,44.2,0.0,1435,7,90.5,0.34,0.21,16.1,NOMINAL
2026-09-30 22:59:57,TN 58 AA 4920,Arun Kumar (Operator #104),70.0,-0.69,12.33594,79.74407,41.9,39.1,0.0,1400,7,90.2,0.31,0.22,8.7,NOMINAL
2026-09-30 22:59:59,TN 58 AA 4920,Arun Kumar (Operator #104),70.9,0.46,12.33802,79.74598,41.9,39.1,0.0,1423,7,90.5,0.34,0.22,8.5,NOMINAL
2026-09-30 23:00:01,TN 58 AA 4920,Arun Kumar (Operator #104),67.1,-1.89,12.34011,79.74789,41.9,41.8,0.0,1327,7,89.7,0.3,0.24,14.6,NOMINAL
2026-09-30 23:00:03,TN 58 AA 4920,Arun Kumar (Operator #104),67.7,0.31,12.34219,79.7498,41.9,36.3,0.0,1343,7,89.9,0.34,0.22,18.3,NOMINAL
2026-09-30 23:00:05,TN 58 AA 4920,Arun Kumar (Operator #104),68.6,0.43,12.34427,79.7517,41.9,45.1,0.0,1363,7,90.4,0.32,0.25,8.7,NOMINAL
2026-09-30 23:00:07,TN 58 AA 4920,Arun Kumar (Operator #104),68.7,0.05,12.34635,79.75361,41.9,40.2,0.0,1367,7,90.2,0.32,0.19,18.5,NOMINAL
2026-09-30 23:00:09,TN 58 AA 4920,Arun Kumar (Operator #104),71.3,1.28,12.34843,79.75552,41.9,35.5,0.0,1431,7,90.6,0.29,0.22,14.6,NOMINAL
2026-09-30 23:00:11,TN 58 AA 4920,Arun Kumar (Operator #104),70.8,-0.25,12.35051,79.75743,41.9,39.6,0.0,1419,7,90.0,0.35,0.25,16.5,NOMINAL
2026-09-30 23:00:13,TN 58 AA 4920,Arun Kumar (Operator #104),70.5,-0.13,12.3526,79.75933,41.9,38.1,0.0,1413,7,90.5,0.28,0.27,20.8,NOMINAL
2026-09-30 23:00:15,TN 58 AA 4920,Arun Kumar (Operator #104),71.7,0.62,12.35468,79.76124,41.9,45.4,0.0,1443,7,90.6,0.31,0.2,21.0,NOMINAL
2026-09-30 23:00:17,TN 58 AA 4920,Arun Kumar (Operator #104),67.1,-2.29,12.35676,79.76315,41.9,43.2,0.0,1328,7,90.2,0.32,0.26,9.3,NOMINAL
2026-09-30 23:00:19,TN 58 AA 4920,Arun Kumar (Operator #104),68.2,0.53,12.35884,79.76506,41.9,46.3,0.0,1354,7,89.8,0.32,0.24,15.6,NOMINAL
2026-09-30 23:00:21,TN 58 AA 4920,Arun Kumar (Operator #104),69.4,0.6,12.36092,79.76697,41.9,36.9,0.0,1384,7,90.3,0.35,0.24,16.7,NOMINAL
2026-09-30 23:00:23,TN 58 AA 4920,Arun Kumar (Operator #104),71.3,0.96,12.363,79.76887,41.9,37.0,0.0,1432,7,90.4,0.33,0.25,16.9,NOMINAL
2026-09-30 23:00:25,TN 58 AA 4920,Arun Kumar (Operator #104),70.9,-0.19,12.36509,79.77078,41.9,41.4,0.0,1422,7,90.0,0.29,0.26,19.7,NOMINAL
2026-09-30 23:00:27,TN 58 AA 4920,Arun Kumar (Operator #104),69.5,-0.72,12.36717,79.77269,41.9,44.4,0.0,1386,7,90.3,0.29,0.2,16.6,NOMINAL
2026-09-30 23:00:29,TN 58 AA 4920,Arun Kumar (Operator #104),69.5,-0.01,12.36925,79.7746,41.9,38.7,0.0,1386,7,90.1,0.31,0.26,14.0,NOMINAL
2026-09-30 23:00:31,TN 58 AA 4920,Arun Kumar (Operator #104),67.2,-1.16,12.37133,79.7765,41.9,35.9,0.0,1329,7,90.2,0.3,0.18,9.8,NOMINAL
2026-09-30 23:00:33,TN 58 AA 4920,Arun Kumar (Operator #104),73.2,3.01,12.37341,79.77841,41.9,37.1,0.0,1480,7,90.4,0.31,0.18,18.2,NOMINAL
2026-09-30 23:00:35,TN 58 AA 4920,Arun Kumar (Operator #104),69.7,-1.76,12.37549,79.78032,41.9,37.5,0.0,1391,7,90.3,0.33,0.21,12.2,NOMINAL
2026-09-30 23:00:37,TN 58 AA 4920,Arun Kumar (Operator #104),71.7,0.99,12.37758,79.78223,41.9,35.8,0.0,1442,7,90.0,0.34,0.23,20.1,NOMINAL
2026-09-30 23:00:39,TN 58 AA 4920,Arun Kumar (Operator #104),68.6,-1.57,12.37966,79.78414,41.9,35.7,0.0,1363,7,90.1,0.34,0.26,8.0,NOMINAL
2026-09-30 23:00:41,TN 58 AA 4920,Arun Kumar (Operator #104),70.6,1.02,12.38174,79.78604,41.9,35.0,0.0,1416,7,90.7,0.35,0.23,8.3,NOMINAL
2026-09-30 23:00:43,TN 58 AA 4920,Arun Kumar (Operator #104),72.4,0.88,12.38382,79.78795,41.9,44.5,0.0,1459,7,90.0,0.33,0.2,11.2,NOMINAL
2026-09-30 23:00:45,TN 58 AA 4920,Arun Kumar (Operator #104),72.0,-0.22,12.3859,79.78986,41.9,36.3,0.0,1449,7,90.0,0.28,0.21,9.4,NOMINAL
2026-09-30 23:00:47,TN 58 AA 4920,Arun Kumar (Operator #104),72.1,0.06,12.38798,79.79177,41.9,37.3,0.0,1452,7,90.2,0.33,0.18,12.0,NOMINAL
2026-09-30 23:00:49,TN 58 AA 4920,Arun Kumar (Operator #104),72.3,0.1,12.39007,79.79368,41.9,38.8,0.0,1457,7,90.6,0.31,0.22,8.9,NOMINAL
2026-09-30 23:00:51,TN 58 AA 4920,Arun Kumar (Operator #104),70.9,-0.69,12.39215,79.79558,41.9,39.2,0.0,1423,7,90.1,0.35,0.18,11.7,NOMINAL
2026-09-30 23:00:53,TN 58 AA 4920,Arun Kumar (Operator #104),67.4,-1.75,12.39423,79.79749,41.9,35.1,0.0,1335,7,90.3,0.3,0.24,15.8,NOMINAL
2026-09-30 23:00:55,TN 58 AA 4920,Arun Kumar (Operator #104),70.9,1.74,12.39631,79.7994,41.9,47.3,0.0,1422,7,89.9,0.32,0.19,19.5,NOMINAL
2026-09-30 23:00:57,TN 58 AA 4920,Arun Kumar (Operator #104),69.2,-0.84,12.39839,79.80131,41.9,38.1,0.0,1380,7,90.3,0.32,0.24,20.1,NOMINAL
2026-09-30 23:00:59,TN 58 AA 4920,Arun Kumar (Operator #104),73.9,2.33,12.40047,79.80321,41.9,36.6,0.0,1496,7,90.3,0.35,0.19,15.9,NOMINAL
2026-09-30 23:01:01,TN 58 AA 4920,Arun Kumar (Operator #104),70.2,-1.83,12.40256,79.80512,41.9,45.0,0.0,1405,7,90.4,0.31,0.2,10.3,NOMINAL
2026-09-30 23:01:03,TN 58 AA 4920,Arun Kumar (Operator #104),67.1,-1.57,12.40464,79.80703,41.9,43.5,0.0,1326,7,90.5,0.34,0.26,20.6,NOMINAL
2026-09-30 23:01:05,TN 58 AA 4920,Arun Kumar (Operator #104),67.9,0.41,12.40672,79.80894,41.9,44.2,0.0,1347,7,90.0,0.31,0.21,15.8,NOMINAL
2026-09-30 23:01:07,TN 58 AA 4920,Arun Kumar (Operator #104),73.4,2.74,12.4088,79.81085,41.9,45.3,0.0,1484,7,90.7,0.31,0.27,20.8,NOMINAL
2026-09-30 23:01:09,TN 58 AA 4920,Arun Kumar (Operator #104),67.2,-3.12,12.41088,79.81275,41.9,37.6,0.0,1329,7,89.6,0.33,0.25,17.8,NOMINAL
2026-09-30 23:01:11,TN 58 AA 4920,Arun Kumar (Operator #104),68.2,0.48,12.41296,79.81466,41.9,45.6,0.0,1354,7,90.5,0.3,0.18,12.5,NOMINAL
2026-09-30 23:01:13,TN 58 AA 4920,Arun Kumar (Operator #104),70.8,1.32,12.41505,79.81657,41.9,37.3,0.0,1421,7,90.2,0.34,0.23,12.7,NOMINAL
2026-09-30 23:01:15,TN 58 AA 4920,Arun Kumar (Operator #104),71.9,0.54,12.41713,79.81848,41.9,43.3,0.0,1446,7,90.8,0.32,0.23,21.6,NOMINAL
2026-09-30 23:01:17,TN 58 AA 4920,Arun Kumar (Operator #104),71.1,-0.41,12.41921,79.82039,41.9,38.0,0.0,1426,7,89.9,0.34,0.23,19.5,NOMINAL
2026-09-30 23:01:19,TN 58 AA 4920,Arun Kumar (Operator #104),73.9,1.41,12.42129,79.82229,41.9,47.0,0.0,1498,7,90.5,0.31,0.23,14.9,NOMINAL
2026-09-30 23:01:21,TN 58 AA 4920,Arun Kumar (Operator #104),69.5,-2.2,12.42337,79.8242,41.9,45.3,0.0,1387,7,89.8,0.28,0.22,15.0,NOMINAL
2026-09-30 23:01:23,TN 58 AA 4920,Arun Kumar (Operator #104),67.5,-1.02,12.42545,79.82611,41.9,45.9,0.0,1336,7,90.1,0.3,0.22,8.5,NOMINAL
2026-09-30 23:01:25,TN 58 AA 4920,Arun Kumar (Operator #104),69.0,0.75,12.42754,79.82802,41.9,47.2,0.0,1375,7,90.2,0.28,0.25,17.0,NOMINAL
2026-09-30 23:01:27,TN 58 AA 4920,Arun Kumar (Operator #104),67.5,-0.76,12.42962,79.82992,41.9,47.6,0.0,1336,7,90.0,0.32,0.22,13.9,NOMINAL
2026-09-30 23:01:29,TN 58 AA 4920,Arun Kumar (Operator #104),72.4,2.44,12.4317,79.83183,41.9,44.3,0.0,1459,7,90.7,0.32,0.2,16.0,NOMINAL
2026-09-30 23:01:31,TN 58 AA 4920,Arun Kumar (Operator #104),68.9,-1.75,12.4339,79.83367,31.4,37.2,0.0,1372,7,90.2,0.34,0.2,18.2,NOMINAL
2026-09-30 23:01:33,TN 58 AA 4920,Arun Kumar (Operator #104),70.9,0.99,12.43648,79.83529,31.4,37.7,0.0,1421,7,90.7,0.29,0.21,8.1,NOMINAL
2026-09-30 23:01:35,TN 58 AA 4920,Arun Kumar (Operator #104),72.7,0.92,12.43907,79.83691,31.4,41.6,0.0,1468,7,90.5,0.34,0.21,17.4,NOMINAL
2026-09-30 23:01:37,TN 58 AA 4920,Arun Kumar (Operator #104),70.0,-1.34,12.44166,79.83853,31.4,37.3,0.0,1400,7,90.0,0.31,0.24,22.0,NOMINAL
2026-09-30 23:01:39,TN 58 AA 4920,Arun Kumar (Operator #104),72.4,1.18,12.44425,79.84015,31.4,36.9,0.0,1458,7,90.2,0.32,0.2,16.1,NOMINAL
2026-09-30 23:01:41,TN 58 AA 4920,Arun Kumar (Operator #104),67.4,-2.49,12.44683,79.84177,31.4,38.1,0.0,1335,7,90.4,0.33,0.23,8.0,NOMINAL
2026-09-30 23:01:43,TN 58 AA 4920,Arun Kumar (Operator #104),67.0,-0.2,12.44942,79.84338,31.4,38.8,0.0,1325,7,89.8,0.28,0.2,12.3,NOMINAL
2026-09-30 23:01:45,TN 58 AA 4920,Arun Kumar (Operator #104),67.8,0.4,12.45201,79.845,31.4,36.9,0.0,1344,7,89.7,0.33,0.19,15.7,NOMINAL
2026-09-30 23:01:47,TN 58 AA 4920,Arun Kumar (Operator #104),71.4,1.79,12.4546,79.84662,31.4,36.3,0.0,1434,7,90.3,0.32,0.25,12.5,NOMINAL
2026-09-30 23:01:49,TN 58 AA 4920,Arun Kumar (Operator #104),73.5,1.04,12.45718,79.84824,31.4,44.9,0.0,1486,7,90.5,0.35,0.24,13.2,NOMINAL
2026-09-30 23:01:51,TN 58 AA 4920,Arun Kumar (Operator #104),73.7,0.11,12.45977,79.84986,31.4,46.4,0.0,1493,7,90.3,0.3,0.26,17.9,NOMINAL
2026-09-30 23:01:53,TN 58 AA 4920,Arun Kumar (Operator #104),67.5,-3.12,12.46236,79.85148,31.4,44.1,0.0,1336,7,89.6,0.3,0.21,22.0,NOMINAL
2026-09-30 23:01:55,TN 58 AA 4920,Arun Kumar (Operator #104),67.3,-0.09,12.46495,79.8531,31.4,41.6,0.0,1333,7,90.3,0.31,0.23,16.5,NOMINAL
2026-09-30 23:01:57,TN 58 AA 4920,Arun Kumar (Operator #104),68.2,0.47,12.46753,79.85471,31.4,47.1,0.0,1356,7,89.7,0.34,0.21,19.6,NOMINAL
2026-09-30 23:01:59,TN 58 AA 4920,Arun Kumar (Operator #104),69.5,0.66,12.47012,79.85633,31.4,38.6,0.0,1388,7,89.7,0.34,0.22,12.9,NOMINAL
2026-09-30 23:02:01,TN 58 AA 4920,Arun Kumar (Operator #104),68.4,-0.53,12.47271,79.85795,31.4,38.2,0.0,1361,7,90.4,0.31,0.24,16.2,NOMINAL
2026-09-30 23:02:03,TN 58 AA 4920,Arun Kumar (Operator #104),67.5,-0.43,12.4753,79.85957,31.4,48.0,0.0,1338,7,90.5,0.29,0.23,19.8,NOMINAL
2026-09-30 23:02:05,TN 58 AA 4920,Arun Kumar (Operator #104),73.4,2.97,12.47788,79.86119,31.4,45.2,0.0,1486,7,90.5,0.29,0.24,12.2,NOMINAL
2026-09-30 23:02:07,TN 58 AA 4920,Arun Kumar (Operator #104),73.6,0.12,12.48047,79.86281,31.4,38.4,0.0,1490,7,90.3,0.29,0.22,18.9,NOMINAL
2026-09-30 23:02:09,TN 58 AA 4920,Arun Kumar (Operator #104),70.6,-1.52,12.48306,79.86442,31.4,45.6,0.0,1414,7,89.9,0.3,0.26,9.3,NOMINAL
2026-09-30 23:02:11,TN 58 AA 4920,Arun Kumar (Operator #104),70.4,-0.09,12.48565,79.86604,31.4,47.1,0.0,1410,7,90.1,0.35,0.21,8.3,NOMINAL
2026-09-30 23:02:13,TN 58 AA 4920,Arun Kumar (Operator #104),70.9,0.27,12.48823,79.86766,31.4,44.2,0.0,1423,7,90.0,0.34,0.26,11.2,NOMINAL
2026-09-30 23:02:15,TN 58 AA 4920,Arun Kumar (Operator #104),72.6,0.83,12.49082,79.86928,31.4,42.1,0.0,1464,7,90.5,0.32,0.25,14.7,NOMINAL
2026-09-30 23:02:17,TN 58 AA 4920,Arun Kumar (Operator #104),73.1,0.25,12.49341,79.8709,31.4,36.2,0.0,1477,7,89.9,0.32,0.25,13.3,NOMINAL
2026-09-30 23:02:19,TN 58 AA 4920,Arun Kumar (Operator #104),72.3,-0.42,12.496,79.87252,31.4,47.1,0.0,1456,7,90.7,0.29,0.25,18.0,NOMINAL
2026-09-30 23:02:21,TN 58 AA 4920,Arun Kumar (Operator #104),69.4,-1.44,12.49858,79.87414,31.4,46.2,0.0,1385,7,90.3,0.35,0.23,12.4,NOMINAL
2026-09-30 23:02:23,TN 58 AA 4920,Arun Kumar (Operator #104),70.2,0.39,12.50117,79.87575,31.4,43.5,0.0,1404,7,89.9,0.28,0.25,9.9,NOMINAL
2026-09-30 23:02:25,TN 58 AA 4920,Arun Kumar (Operator #104),67.7,-1.23,12.50376,79.87737,31.4,40.4,0.0,1343,7,89.8,0.28,0.26,11.5,NOMINAL
2026-09-30 23:02:27,TN 58 AA 4920,Arun Kumar (Operator #104),70.8,1.55,12.50635,79.87899,31.4,35.1,0.0,1420,7,90.6,0.34,0.23,19.0,NOMINAL
2026-09-30 23:02:29,TN 58 AA 4920,Arun Kumar (Operator #104),73.5,1.33,12.50893,79.88061,31.4,41.9,0.0,1486,7,90.6,0.28,0.26,14.8,NOMINAL
2026-09-30 23:02:31,TN 58 AA 4920,Arun Kumar (Operator #104),68.4,-2.57,12.51152,79.88223,31.4,36.6,0.0,1358,7,90.5,0.32,0.25,13.2,NOMINAL
2026-09-30 23:02:33,TN 58 AA 4920,Arun Kumar (Operator #104),73.7,2.65,12.51411,79.88385,31.4,45.5,0.0,1492,7,90.5,0.34,0.2,17.3,NOMINAL
2026-09-30 23:02:35,TN 58 AA 4920,Arun Kumar (Operator #104),72.4,-0.63,12.5167,79.88547,31.4,40.1,0.0,1461,7,90.5,0.34,0.26,20.2,NOMINAL
2026-09-30 23:02:37,TN 58 AA 4920,Arun Kumar (Operator #104),73.9,0.74,12.51928,79.88708,31.4,37.1,0.0,1497,7,90.5,0.32,0.19,10.4,NOMINAL
2026-09-30 23:02:39,TN 58 AA 4920,Arun Kumar (Operator #104),67.7,-3.1,12.52187,79.8887,31.4,43.3,0.0,1342,7,90.0,0.31,0.24,19.0,NOMINAL
2026-09-30 23:02:41,TN 58 AA 4920,Arun Kumar (Operator #104),71.8,2.07,12.52446,79.89032,31.4,37.3,0.0,1445,7,89.9,0.33,0.23,21.4,NOMINAL
2026-09-30 23:02:43,TN 58 AA 4920,Arun Kumar (Operator #104),73.9,1.05,12.52705,79.89194,31.4,47.0,0.0,1497,7,90.9,0.28,0.27,15.1,NOMINAL
2026-09-30 23:02:45,TN 58 AA 4920,Arun Kumar (Operator #104),68.0,-2.95,12.52963,79.89356,31.4,42.1,0.0,1350,7,89.9,0.34,0.19,19.5,NOMINAL
2026-09-30 23:02:47,TN 58 AA 4920,Arun Kumar (Operator #104),72.0,2.02,12.53222,79.89518,31.4,43.7,0.0,1450,7,90.1,0.3,0.21,13.2,NOMINAL
2026-09-30 23:02:49,TN 58 AA 4920,Arun Kumar (Operator #104),67.7,-2.15,12.53481,79.89679,31.4,39.5,0.0,1342,7,90.0,0.32,0.23,10.6,NOMINAL
2026-09-30 23:02:51,TN 58 AA 4920,Arun Kumar (Operator #104),70.7,1.52,12.5374,79.89841,31.4,47.5,0.0,1418,7,89.8,0.34,0.24,15.6,NOMINAL
2026-09-30 23:02:53,TN 58 AA 4920,Arun Kumar (Operator #104),67.2,-1.77,12.53999,79.90003,31.4,39.6,0.0,1329,7,89.9,0.3,0.25,11.4,NOMINAL
2026-09-30 23:02:55,TN 58 AA 4920,Arun Kumar (Operator #104),72.2,2.51,12.54257,79.90165,31.4,44.2,0.0,1455,7,90.4,0.29,0.26,9.3,NOMINAL
2026-09-30 23:02:57,TN 58 AA 4920,Arun Kumar (Operator #104),70.5,-0.85,12.54516,79.90327,31.4,43.3,0.0,1412,7,90.2,0.32,0.19,12.9,NOMINAL
2026-09-30 23:02:59,TN 58 AA 4920,Arun Kumar (Operator #104),73.7,1.59,12.54775,79.90489,31.4,43.9,0.0,1492,7,90.4,0.33,0.22,10.0,NOMINAL
2026-09-30 23:03:01,TN 58 AA 4920,Arun Kumar (Operator #104),70.0,-1.85,12.55034,79.90651,31.4,43.0,0.0,1400,7,90.2,0.34,0.24,13.1,NOMINAL
2026-09-30 23:03:03,TN 58 AA 4920,Arun Kumar (Operator #104),71.2,0.61,12.55292,79.90812,31.4,38.0,0.0,1430,7,90.6,0.28,0.25,15.5,NOMINAL
2026-09-30 23:03:05,TN 58 AA 4920,Arun Kumar (Operator #104),71.5,0.16,12.55551,79.90974,31.4,41.4,0.0,1438,7,90.2,0.3,0.25,20.2,NOMINAL
2026-09-30 23:03:07,TN 58 AA 4920,Arun Kumar (Operator #104),70.1,-0.72,12.5581,79.91136,31.4,42.9,0.0,1401,7,89.9,0.31,0.21,21.8,NOMINAL
2026-09-30 23:03:09,TN 58 AA 4920,Arun Kumar (Operator #104),71.6,0.77,12.56069,79.91298,31.4,37.6,0.0,1440,7,90.0,0.3,0.21,18.7,NOMINAL
2026-09-30 23:03:11,TN 58 AA 4920,Arun Kumar (Operator #104),72.1,0.24,12.56327,79.9146,31.4,43.2,0.0,1451,7,90.4,0.31,0.24,17.3,NOMINAL
2026-09-30 23:03:13,TN 58 AA 4920,Arun Kumar (Operator #104),70.6,-0.74,12.56586,79.91622,31.4,38.6,0.0,1415,7,90.3,0.32,0.26,18.3,NOMINAL
2026-09-30 23:03:15,TN 58 AA 4920,Arun Kumar (Operator #104),73.7,1.57,12.56845,79.91784,31.4,37.5,0.0,1493,7,90.3,0.29,0.26,13.8,NOMINAL
2026-09-30 23:03:17,TN 58 AA 4920,Arun Kumar (Operator #104),68.2,-2.77,12.57104,79.91945,31.4,43.4,0.0,1354,7,90.5,0.33,0.19,13.6,NOMINAL
2026-09-30 23:03:19,TN 58 AA 4920,Arun Kumar (Operator #104),72.5,2.16,12.57362,79.92107,31.4,38.9,0.0,1462,7,90.4,0.33,0.25,17.2,NOMINAL
2026-09-30 23:03:21,TN 58 AA 4920,Arun Kumar (Operator #104),72.9,0.2,12.57621,79.92269,31.4,35.2,0.0,1472,7,90.7,0.32,0.23,12.3,NOMINAL
2026-09-30 23:03:23,TN 58 AA 4920,Arun Kumar (Operator #104),69.0,-1.96,12.5788,79.92431,31.4,45.2,0.0,1374,7,90.0,0.33,0.24,14.8,NOMINAL
2026-09-30 23:03:25,TN 58 AA 4920,Arun Kumar (Operator #104),72.6,1.81,12.58139,79.92593,31.4,46.9,0.0,1465,7,90.2,0.32,0.22,20.0,NOMINAL
2026-09-30 23:03:27,TN 58 AA 4920,Arun Kumar (Operator #104),68.5,-2.03,12.58397,79.92755,31.4,45.3,0.0,1363,7,90.4,0.28,0.21,21.5,NOMINAL
2026-09-30 23:03:29,TN 58 AA 4920,Arun Kumar (Operator #104),70.7,1.09,12.58656,79.92916,31.4,40.3,0.0,1416,7,90.7,0.29,0.18,17.7,NOMINAL
2026-09-30 23:03:31,TN 58 AA 4920,Arun Kumar (Operator #104),72.0,0.67,12.58915,79.93078,31.4,42.5,0.0,1451,7,90.5,0.34,0.23,19.6,NOMINAL
2026-09-30 23:03:33,TN 58 AA 4920,Arun Kumar (Operator #104),72.7,0.37,12.59174,79.9324,31.4,37.7,0.0,1468,7,90.1,0.31,0.2,13.9,NOMINAL
2026-09-30 23:03:35,TN 58 AA 4920,Arun Kumar (Operator #104),68.6,-2.03,12.59432,79.93402,31.4,35.1,0.0,1365,7,90.6,0.33,0.23,10.5,NOMINAL
2026-09-30 23:03:37,TN 58 AA 4920,Arun Kumar (Operator #104),73.7,2.54,12.59691,79.93564,31.4,42.3,0.0,1491,7,90.5,0.33,0.22,13.8,NOMINAL
2026-09-30 23:03:39,TN 58 AA 4920,Arun Kumar (Operator #104),72.8,-0.43,12.5995,79.93726,31.4,39.5,0.0,1470,7,89.9,0.35,0.21,14.2,NOMINAL
2026-09-30 23:03:41,TN 58 AA 4920,Arun Kumar (Operator #104),71.2,-0.8,12.60209,79.93888,31.4,47.9,0.0,1430,7,89.9,0.29,0.23,16.5,NOMINAL
2026-09-30 23:03:43,TN 58 AA 4920,Arun Kumar (Operator #104),67.0,-2.08,12.60467,79.94049,31.4,40.0,0.0,1326,7,90.2,0.31,0.25,16.2,NOMINAL
2026-09-30 23:03:45,TN 58 AA 4920,Arun Kumar (Operator #104),67.8,0.4,12.60726,79.94211,31.4,39.2,0.0,1345,7,89.7,0.31,0.18,8.5,NOMINAL
2026-09-30 23:03:47,TN 58 AA 4920,Arun Kumar (Operator #104),74.0,3.09,12.60985,79.94373,31.4,43.1,0.0,1499,7,90.5,0.31,0.26,17.6,NOMINAL
2026-09-30 23:03:49,TN 58 AA 4920,Arun Kumar (Operator #104),67.1,-3.45,12.61244,79.94535,31.4,40.6,0.0,1327,7,90.5,0.29,0.26,15.3,NOMINAL
2026-09-30 23:03:51,TN 58 AA 4920,Arun Kumar (Operator #104),72.7,2.81,12.61502,79.94697,31.4,46.7,0.0,1468,7,90.2,0.29,0.23,21.3,NOMINAL
2026-09-30 23:03:53,TN 58 AA 4920,Arun Kumar (Operator #104),69.4,-1.64,12.61761,79.94859,31.4,41.9,0.0,1385,7,89.8,0.31,0.21,14.2,NOMINAL
2026-09-30 23:03:55,TN 58 AA 4920,Arun Kumar (Operator #104),68.2,-0.6,12.6202,79.95021,31.4,42.5,0.0,1355,7,90.0,0.3,0.25,14.7,NOMINAL
2026-09-30 23:03:57,TN 58 AA 4920,Arun Kumar (Operator #104),67.1,-0.56,12.62279,79.95182,31.4,38.1,0.0,1327,7,90.0,0.31,0.23,16.0,NOMINAL
2026-09-30 23:03:59,TN 58 AA 4920,Arun Kumar (Operator #104),69.9,1.39,12.62537,79.95344,31.4,43.4,0.0,1396,7,90.6,0.32,0.18,14.2,NOMINAL
2026-09-30 23:04:01,TN 58 AA 4920,Arun Kumar (Operator #104),67.9,-1.01,12.62796,79.95506,31.4,43.3,0.0,1346,7,89.8,0.29,0.22,13.6,NOMINAL
2026-09-30 23:04:03,TN 58 AA 4920,Arun Kumar (Operator #104),70.1,1.09,12.63055,79.95668,31.4,36.2,0.0,1402,7,90.0,0.35,0.27,8.6,NOMINAL
2026-09-30 23:04:05,TN 58 AA 4920,Arun Kumar (Operator #104),72.3,1.1,12.63314,79.9583,31.4,37.1,0.0,1457,7,90.8,0.31,0.26,12.5,NOMINAL
2026-09-30 23:04:07,TN 58 AA 4920,Arun Kumar (Operator #104),68.0,-2.16,12.63572,79.95992,31.4,45.1,0.0,1349,7,89.8,0.32,0.26,9.2,NOMINAL
2026-09-30 23:04:09,TN 58 AA 4920,Arun Kumar (Operator #104),67.2,-0.38,12.63831,79.96153,31.4,42.7,0.0,1331,7,89.5,0.32,0.21,16.0,NOMINAL
2026-09-30 23:04:11,TN 58 AA 4920,Arun Kumar (Operator #104),68.7,0.73,12.6409,79.96315,31.4,37.6,0.0,1366,7,90.0,0.33,0.21,21.1,NOMINAL
2026-09-30 23:04:13,TN 58 AA 4920,Arun Kumar (Operator #104),67.9,-0.4,12.64349,79.96477,31.4,41.2,0.0,1347,7,89.8,0.32,0.22,8.6,NOMINAL
2026-09-30 23:04:15,TN 58 AA 4920,Arun Kumar (Operator #104),73.5,2.82,12.64607,79.96639,31.4,48.0,0.0,1488,7,89.9,0.33,0.26,19.8,NOMINAL
2026-09-30 23:04:17,TN 58 AA 4920,Arun Kumar (Operator #104),72.9,-0.3,12.64866,79.96801,31.4,35.7,0.0,1472,7,90.9,0.3,0.18,12.7,NOMINAL
2026-09-30 23:04:19,TN 58 AA 4920,Arun Kumar (Operator #104),70.5,-1.2,12.65125,79.96963,31.4,37.0,0.0,1412,7,90.4,0.35,0.26,8.2,NOMINAL
2026-09-30 23:04:21,TN 58 AA 4920,Arun Kumar (Operator #104),70.1,-0.22,12.65384,79.97125,31.4,36.5,0.0,1401,7,90.5,0.3,0.18,15.5,NOMINAL
2026-09-30 23:04:23,TN 58 AA 4920,Arun Kumar (Operator #104),72.3,1.11,12.65642,79.97286,31.4,45.9,0.0,1457,7,90.7,0.35,0.23,17.6,NOMINAL
2026-09-30 23:04:25,TN 58 AA 4920,Arun Kumar (Operator #104),69.6,-1.36,12.65901,79.97448,31.4,40.0,0.0,1389,7,90.3,0.33,0.26,8.9,NOMINAL
2026-09-30 23:04:27,TN 58 AA 4920,Arun Kumar (Operator #104),70.8,0.6,12.6616,79.9761,31.4,35.7,0.0,1419,7,90.0,0.33,0.2,16.8,NOMINAL
2026-09-30 23:04:29,TN 58 AA 4920,Arun Kumar (Operator #104),70.4,-0.19,12.66419,79.97772,31.4,42.4,0.0,1410,7,90.1,0.33,0.24,8.4,NOMINAL
2026-09-30 23:04:31,TN 58 AA 4920,Arun Kumar (Operator #104),72.1,0.86,12.66677,79.97934,31.4,36.3,0.0,1452,7,90.3,0.3,0.21,17.5,NOMINAL
2026-09-30 23:04:33,TN 58 AA 4920,Arun Kumar (Operator #104),67.9,-2.1,12.66936,79.98096,31.4,35.4,0.0,1347,7,90.2,0.34,0.19,17.1,NOMINAL
2026-09-30 23:04:35,TN 58 AA 4920,Arun Kumar (Operator #104),67.2,-0.33,12.67195,79.98258,31.4,43.7,0.0,1331,7,89.7,0.3,0.27,13.8,NOMINAL
2026-09-30 23:04:37,TN 58 AA 4920,Arun Kumar (Operator #104),72.4,2.6,12.67454,79.98419,31.4,39.4,0.0,1460,7,90.4,0.3,0.19,21.4,NOMINAL
2026-09-30 23:04:39,TN 58 AA 4920,Arun Kumar (Operator #104),72.5,0.03,12.67712,79.98581,31.4,37.7,0.0,1461,7,90.3,0.32,0.24,20.7,NOMINAL
2026-09-30 23:04:41,TN 58 AA 4920,Arun Kumar (Operator #104),71.5,-0.51,12.67971,79.98743,31.4,37.3,0.0,1437,7,90.0,0.29,0.2,17.7,NOMINAL
2026-09-30 23:04:43,TN 58 AA 4920,Arun Kumar (Operator #104),68.5,-1.51,12.68229,79.98898,24.1,44.7,0.0,1362,7,89.8,0.35,0.23,12.7,NOMINAL
2026-09-30 23:04:45,TN 58 AA 4920,Arun Kumar (Operator #104),68.0,-0.27,12.68482,79.99014,24.1,41.7,0.0,1349,7,89.8,0.34,0.22,21.1,NOMINAL
2026-09-30 23:04:47,TN 58 AA 4920,Arun Kumar (Operator #104),70.6,1.31,12.68735,79.99129,24.1,45.6,0.0,1415,7,90.7,0.3,0.25,13.6,NOMINAL
2026-09-30 23:04:49,TN 58 AA 4920,Arun Kumar (Operator #104),73.0,1.21,12.68988,79.99245,24.1,46.9,0.0,1475,7,90.6,0.32,0.2,17.4,NOMINAL
2026-09-30 23:04:51,TN 58 AA 4920,Arun Kumar (Operator #104),73.3,0.16,12.69241,79.99361,24.1,43.3,0.0,1483,7,90.7,0.33,0.22,16.7,NOMINAL
2026-09-30 23:04:53,TN 58 AA 4920,Arun Kumar (Operator #104),72.7,-0.32,12.69494,79.99477,24.1,37.3,0.0,1466,7,90.3,0.34,0.24,12.9,NOMINAL
2026-09-30 23:04:55,TN 58 AA 4920,Arun Kumar (Operator #104),71.7,-0.48,12.69746,79.99592,24.1,37.7,0.0,1443,7,90.3,0.3,0.25,20.7,NOMINAL
2026-09-30 23:04:57,TN 58 AA 4920,Arun Kumar (Operator #104),73.4,0.85,12.69999,79.99708,24.1,35.7,0.0,1484,7,90.9,0.3,0.18,20.0,NOMINAL
2026-09-30 23:04:59,TN 58 AA 4920,Arun Kumar (Operator #104),71.6,-0.92,12.70252,79.99824,24.1,37.2,0.0,1438,7,90.3,0.31,0.27,12.9,NOMINAL
2026-09-30 23:05:01,TN 58 AA 4920,Arun Kumar (Operator #104),70.1,-0.75,12.70505,79.99939,24.1,41.3,0.0,1402,7,90.7,0.34,0.18,17.1,NOMINAL
2026-09-30 23:05:03,TN 58 AA 4920,Arun Kumar (Operator #104),73.4,1.67,12.70758,80.00055,24.1,38.2,0.0,1486,7,90.1,0.31,0.21,20.7,NOMINAL
2026-09-30 23:05:05,TN 58 AA 4920,Arun Kumar (Operator #104),70.1,-1.63,12.71011,80.00171,24.1,39.6,0.0,1403,7,89.7,0.3,0.22,16.4,NOMINAL
2026-09-30 23:05:07,TN 58 AA 4920,Arun Kumar (Operator #104),67.9,-1.08,12.71264,80.00287,24.1,39.9,0.0,1348,7,89.8,0.3,0.26,15.4,NOMINAL
2026-09-30 23:05:09,TN 58 AA 4920,Arun Kumar (Operator #104),72.0,2.06,12.71517,80.00402,24.1,43.2,0.0,1450,7,90.3,0.29,0.19,17.0,NOMINAL
2026-09-30 23:05:11,TN 58 AA 4920,Arun Kumar (Operator #104),70.6,-0.71,12.7177,80.00518,24.1,38.8,0.0,1414,7,90.5,0.33,0.21,13.6,NOMINAL
2026-09-30 23:05:13,TN 58 AA 4920,Arun Kumar (Operator #104),70.6,-0.01,12.72023,80.00634,24.1,45.3,0.0,1414,7,90.2,0.34,0.26,20.1,NOMINAL
2026-09-30 23:05:15,TN 58 AA 4920,Arun Kumar (Operator #104),70.4,-0.1,12.72276,80.0075,24.1,37.6,0.0,1409,7,90.6,0.33,0.26,9.4,NOMINAL
2026-09-30 23:05:17,TN 58 AA 4920,Arun Kumar (Operator #104),69.8,-0.3,12.72529,80.00865,24.1,38.2,0.0,1394,7,90.3,0.31,0.25,11.1,NOMINAL
2026-09-30 23:05:19,TN 58 AA 4920,Arun Kumar (Operator #104),67.5,-1.17,12.72782,80.00981,24.1,46.6,0.0,1336,7,90.2,0.32,0.22,13.5,NOMINAL
2026-09-30 23:05:21,TN 58 AA 4920,Arun Kumar (Operator #104),70.2,1.34,12.73034,80.01097,24.1,43.5,0.0,1404,7,90.2,0.32,0.24,9.0,NOMINAL
2026-09-30 23:05:23,TN 58 AA 4920,Arun Kumar (Operator #104),67.2,-1.49,12.73287,80.01213,24.1,36.3,0.0,1330,7,90.4,0.33,0.18,14.9,NOMINAL
2026-09-30 23:05:25,TN 58 AA 4920,Arun Kumar (Operator #104),72.5,2.65,12.7354,80.01328,24.1,41.6,0.0,1462,7,90.0,0.35,0.23,15.1,NOMINAL
2026-09-30 23:05:27,TN 58 AA 4920,Arun Kumar (Operator #104),70.3,-1.1,12.73793,80.01444,24.1,35.5,0.0,1407,7,90.5,0.31,0.18,8.9,NOMINAL
2026-09-30 23:05:29,TN 58 AA 4920,Arun Kumar (Operator #104),73.7,1.71,12.74046,80.0156,24.1,40.2,0.0,1493,7,90.5,0.33,0.27,15.1,NOMINAL
2026-09-30 23:05:31,TN 58 AA 4920,Arun Kumar (Operator #104),70.0,-1.83,12.74299,80.01676,24.1,40.7,0.0,1401,7,90.5,0.29,0.19,18.7,NOMINAL
2026-09-30 23:05:33,TN 58 AA 4920,Arun Kumar (Operator #104),69.1,-0.46,12.74552,80.01791,24.1,36.2,0.0,1377,7,89.9,0.32,0.19,21.2,NOMINAL
2026-09-30 23:05:35,TN 58 AA 4920,Arun Kumar (Operator #104),68.5,-0.28,12.74805,80.01907,24.1,36.4,0.0,1363,7,90.5,0.35,0.18,20.4,NOMINAL
2026-09-30 23:05:37,TN 58 AA 4920,Arun Kumar (Operator #104),73.6,2.53,12.75058,80.02023,24.1,36.4,0.0,1489,7,90.6,0.28,0.22,18.4,NOMINAL
2026-09-30 23:05:39,TN 58 AA 4920,Arun Kumar (Operator #104),73.4,-0.08,12.75311,80.02139,24.1,42.2,0.0,1486,7,90.1,0.34,0.25,16.0,NOMINAL
2026-09-30 23:05:41,TN 58 AA 4920,Arun Kumar (Operator #104),68.2,-2.6,12.75564,80.02254,24.1,36.0,0.0,1354,7,90.4,0.34,0.26,22.0,NOMINAL
2026-09-30 23:05:43,TN 58 AA 4920,Arun Kumar (Operator #104),68.8,0.31,12.75817,80.0237,24.1,41.1,0.0,1370,7,90.5,0.33,0.21,14.6,NOMINAL
2026-09-30 23:05:45,TN 58 AA 4920,Arun Kumar (Operator #104),71.7,1.46,12.7607,80.02486,24.1,37.7,0.0,1443,7,90.8,0.34,0.2,13.5,NOMINAL
2026-09-30 23:05:47,TN 58 AA 4920,Arun Kumar (Operator #104),71.5,-0.11,12.76322,80.02602,24.1,36.9,0.0,1437,7,90.4,0.32,0.24,11.6,NOMINAL
2026-09-30 23:05:49,TN 58 AA 4920,Arun Kumar (Operator #104),72.3,0.41,12.76575,80.02717,24.1,38.9,0.0,1457,7,89.9,0.32,0.25,13.8,NOMINAL
2026-09-30 23:05:51,TN 58 AA 4920,Arun Kumar (Operator #104),71.9,-0.21,12.76828,80.02833,24.1,36.1,0.0,1447,7,90.5,0.34,0.26,14.2,NOMINAL
2026-09-30 23:05:53,TN 58 AA 4920,Arun Kumar (Operator #104),68.1,-1.89,12.77081,80.02949,24.1,45.1,0.0,1353,7,89.7,0.31,0.23,20.8,NOMINAL
2026-09-30 23:05:55,TN 58 AA 4920,Arun Kumar (Operator #104),69.7,0.8,12.77334,80.03064,24.1,36.1,0.0,1392,7,90.5,0.29,0.23,12.6,NOMINAL
2026-09-30 23:05:57,TN 58 AA 4920,Arun Kumar (Operator #104),71.4,0.87,12.77587,80.0318,24.1,40.9,0.0,1436,7,90.7,0.35,0.22,11.8,NOMINAL
2026-09-30 23:05:59,TN 58 AA 4920,Arun Kumar (Operator #104),71.9,0.24,12.7784,80.03296,24.1,46.7,0.0,1447,7,90.7,0.32,0.24,20.2,NOMINAL
2026-09-30 23:06:01,TN 58 AA 4920,Arun Kumar (Operator #104),71.6,-0.16,12.78093,80.03412,24.1,42.3,0.0,1439,7,90.1,0.29,0.19,20.4,NOMINAL
2026-09-30 23:06:03,TN 58 AA 4920,Arun Kumar (Operator #104),69.8,-0.91,12.78346,80.03527,24.1,36.9,0.0,1394,7,89.7,0.33,0.23,10.0,NOMINAL
2026-09-30 23:06:05,TN 58 AA 4920,Arun Kumar (Operator #104),70.5,0.37,12.78599,80.03643,24.1,39.3,0.0,1413,7,90.4,0.3,0.26,16.2,NOMINAL
2026-09-30 23:06:07,TN 58 AA 4920,Arun Kumar (Operator #104),68.0,-1.24,12.78852,80.03759,24.1,40.0,0.0,1350,7,90.0,0.3,0.23,16.8,NOMINAL
2026-09-30 23:06:09,TN 58 AA 4920,Arun Kumar (Operator #104),67.5,-0.27,12.79105,80.03875,24.1,40.5,0.0,1336,7,90.5,0.31,0.24,17.2,NOMINAL
2026-09-30 23:06:11,TN 58 AA 4920,Arun Kumar (Operator #104),67.2,-0.15,12.79357,80.0399,24.1,39.1,0.0,1329,7,90.2,0.34,0.19,17.6,NOMINAL
2026-09-30 23:06:13,TN 58 AA 4920,Arun Kumar (Operator #104),67.4,0.12,12.7961,80.04106,24.1,39.8,0.0,1336,7,89.9,0.34,0.24,14.6,NOMINAL
2026-09-30 23:06:15,TN 58 AA 4920,Arun Kumar (Operator #104),69.2,0.91,12.79863,80.04222,24.1,40.8,0.0,1380,7,89.7,0.33,0.26,10.6,NOMINAL
2026-09-30 23:06:17,TN 58 AA 4920,Arun Kumar (Operator #104),73.2,2.0,12.80116,80.04338,24.1,36.4,0.0,1480,7,90.3,0.29,0.18,16.3,NOMINAL
2026-09-30 23:06:19,TN 58 AA 4920,Arun Kumar (Operator #104),69.1,-2.04,12.80369,80.04453,24.1,43.3,0.0,1377,7,89.8,0.29,0.26,18.9,NOMINAL
2026-09-30 23:06:21,TN 58 AA 4920,Arun Kumar (Operator #104),69.9,0.4,12.80622,80.04569,24.1,44.1,0.0,1397,7,90.5,0.33,0.22,10.5,NOMINAL
2026-09-30 23:06:23,TN 58 AA 4920,Arun Kumar (Operator #104),67.6,-1.17,12.80875,80.04685,24.1,37.3,0.0,1339,7,90.2,0.34,0.22,15.4,NOMINAL
2026-09-30 23:06:25,TN 58 AA 4920,Arun Kumar (Operator #104),72.4,2.38,12.81128,80.04801,24.1,47.3,0.0,1459,7,90.8,0.33,0.22,14.8,NOMINAL
2026-09-30 23:06:27,TN 58 AA 4920,Arun Kumar (Operator #104),68.6,-1.92,12.81381,80.04916,24.1,36.1,0.0,1364,7,90.0,0.31,0.24,15.9,NOMINAL
2026-09-30 23:06:29,TN 58 AA 4920,Arun Kumar (Operator #104),68.5,-0.05,12.81634,80.05032,24.1,37.8,0.0,1362,7,90.4,0.32,0.19,10.9,NOMINAL
2026-09-30 23:06:31,TN 58 AA 4920,Arun Kumar (Operator #104),70.0,0.76,12.81887,80.05148,24.1,45.1,0.0,1400,7,90.5,0.3,0.25,9.5,NOMINAL
2026-09-30 23:06:33,TN 58 AA 4920,Arun Kumar (Operator #104),74.0,2.0,12.8214,80.05264,24.1,36.7,0.0,1499,7,90.8,0.28,0.18,12.8,NOMINAL
2026-09-30 23:06:35,TN 58 AA 4920,Arun Kumar (Operator #104),70.9,-1.54,12.82393,80.05379,24.1,42.4,0.0,1423,7,90.1,0.3,0.23,19.2,NOMINAL
2026-09-30 23:06:37,TN 58 AA 4920,Arun Kumar (Operator #104),70.7,-0.09,12.82645,80.05495,24.1,47.9,0.0,1417,7,90.2,0.3,0.24,17.3,NOMINAL
2026-09-30 23:06:39,TN 58 AA 4920,Arun Kumar (Operator #104),70.2,-0.24,12.82898,80.05611,24.1,35.1,0.0,1405,7,90.6,0.28,0.24,17.9,NOMINAL
2026-09-30 23:06:41,TN 58 AA 4920,Arun Kumar (Operator #104),71.6,0.68,12.83151,80.05727,24.1,47.7,0.0,1439,7,90.5,0.33,0.22,21.2,NOMINAL
2026-09-30 23:06:43,TN 58 AA 4920,Arun Kumar (Operator #104),73.5,0.96,12.83404,80.05842,24.1,36.9,0.0,1488,7,90.8,0.33,0.22,13.0,NOMINAL
2026-09-30 23:06:45,TN 58 AA 4920,Arun Kumar (Operator #104),73.2,-0.14,12.83657,80.05958,24.1,36.9,0.0,1480,7,90.2,0.29,0.27,8.2,NOMINAL
2026-09-30 23:06:47,TN 58 AA 4920,Arun Kumar (Operator #104),70.9,-1.16,12.8391,80.06074,24.1,35.4,0.0,1421,7,90.3,0.3,0.27,9.0,NOMINAL
2026-09-30 23:06:49,TN 58 AA 4920,Arun Kumar (Operator #104),70.1,-0.38,12.84163,80.06189,24.1,39.0,0.0,1403,7,90.5,0.3,0.27,19.8,NOMINAL
2026-09-30 23:06:51,TN 58 AA 4920,Arun Kumar (Operator #104),73.1,1.48,12.84416,80.06305,24.1,41.0,0.0,1476,7,90.3,0.32,0.24,21.1,NOMINAL
2026-09-30 23:06:53,TN 58 AA 4920,Arun Kumar (Operator #104),71.1,-0.98,12.84669,80.06421,24.1,47.6,0.0,1428,7,89.8,0.33,0.23,17.7,NOMINAL
2026-09-30 23:06:55,TN 58 AA 4920,Arun Kumar (Operator #104),69.6,-0.75,12.84922,80.06537,24.1,40.5,0.0,1390,7,89.9,0.3,0.26,9.4,NOMINAL
2026-09-30 23:06:57,TN 58 AA 4920,Arun Kumar (Operator #104),72.7,1.55,12.85175,80.06652,24.1,35.2,0.0,1467,7,90.4,0.31,0.24,15.1,NOMINAL
2026-09-30 23:06:59,TN 58 AA 4920,Arun Kumar (Operator #104),70.4,-1.13,12.85428,80.06768,24.1,37.8,0.0,1411,7,89.9,0.3,0.21,11.9,NOMINAL
2026-09-30 23:07:01,TN 58 AA 4920,Arun Kumar (Operator #104),70.9,0.23,12.85681,80.06884,24.1,38.9,0.0,1421,7,90.5,0.32,0.21,19.9,NOMINAL
2026-09-30 23:07:03,TN 58 AA 4920,Arun Kumar (Operator #104),72.1,0.58,12.85933,80.07,24.1,46.3,0.0,1451,7,90.4,0.32,0.2,16.3,NOMINAL
2026-09-30 23:07:05,TN 58 AA 4920,Arun Kumar (Operator #104),73.9,0.9,12.86186,80.07115,24.1,43.5,0.0,1497,7,90.3,0.31,0.22,20.1,NOMINAL
2026-09-30 23:07:07,TN 58 AA 4920,Arun Kumar (Operator #104),69.5,-2.22,12.86439,80.07231,24.1,38.9,0.0,1386,7,89.8,0.29,0.24,17.9,NOMINAL
2026-09-30 23:07:09,TN 58 AA 4920,Arun Kumar (Operator #104),72.1,1.3,12.86692,80.07347,24.1,37.4,0.0,1452,7,90.0,0.3,0.26,20.9,NOMINAL
2026-09-30 23:07:11,TN 58 AA 4920,Arun Kumar (Operator #104),71.9,-0.1,12.86945,80.07463,24.1,43.9,0.0,1447,7,90.8,0.33,0.19,20.2,NOMINAL
2026-09-30 23:07:13,TN 58 AA 4920,Arun Kumar (Operator #104),70.5,-0.71,12.87198,80.07578,24.1,46.0,0.0,1411,7,90.0,0.3,0.19,11.6,NOMINAL
2026-09-30 23:07:15,TN 58 AA 4920,Arun Kumar (Operator #104),69.5,-0.48,12.87451,80.07694,24.1,38.6,0.0,1388,7,90.3,0.34,0.25,13.6,NOMINAL
2026-09-30 23:07:17,TN 58 AA 4920,Arun Kumar (Operator #104),67.0,-1.24,12.87704,80.0781,24.1,47.4,0.0,1325,7,89.7,0.33,0.25,14.0,NOMINAL
2026-09-30 23:07:19,TN 58 AA 4920,Arun Kumar (Operator #104),71.0,2.0,12.87957,80.07926,24.1,41.6,0.0,1424,7,90.0,0.33,0.23,19.0,NOMINAL
2026-09-30 23:07:21,TN 58 AA 4920,Arun Kumar (Operator #104),67.2,-1.89,12.8821,80.08041,24.1,44.2,0.0,1330,7,90.5,0.31,0.18,18.2,NOMINAL
2026-09-30 23:07:23,TN 58 AA 4920,Arun Kumar (Operator #104),67.2,0.01,12.88463,80.08157,24.1,45.4,0.0,1330,7,90.1,0.3,0.26,21.9,NOMINAL
2026-09-30 23:07:25,TN 58 AA 4920,Arun Kumar (Operator #104),70.8,1.78,12.88716,80.08273,24.1,37.4,0.0,1418,7,89.8,0.3,0.19,10.3,NOMINAL
2026-09-30 23:07:27,TN 58 AA 4920,Arun Kumar (Operator #104),71.6,0.38,12.88969,80.08389,24.1,40.2,0.0,1439,7,90.7,0.3,0.26,12.8,NOMINAL
2026-09-30 23:07:29,TN 58 AA 4920,Arun Kumar (Operator #104),71.3,-0.13,12.89221,80.08504,24.1,44.6,0.0,1433,7,90.1,0.29,0.2,11.9,NOMINAL
2026-09-30 23:07:31,TN 58 AA 4920,Arun Kumar (Operator #104),70.7,-0.29,12.89474,80.0862,24.1,45.7,0.0,1418,7,90.3,0.35,0.27,19.5,NOMINAL
2026-09-30 23:07:33,TN 58 AA 4920,Arun Kumar (Operator #104),67.2,-1.75,12.89727,80.08736,24.1,40.4,0.0,1330,7,89.6,0.31,0.2,8.2,NOMINAL
2026-09-30 23:07:35,TN 58 AA 4920,Arun Kumar (Operator #104),72.4,2.61,12.8998,80.08851,24.1,47.1,0.0,1460,7,89.9,0.29,0.27,8.4,NOMINAL
2026-09-30 23:07:37,TN 58 AA 4920,Arun Kumar (Operator #104),73.2,0.38,12.90233,80.08967,24.1,38.6,0.0,1478,7,90.7,0.34,0.22,11.3,NOMINAL
2026-09-30 23:07:39,TN 58 AA 4920,Arun Kumar (Operator #104),71.3,-0.95,12.90486,80.09083,24.1,43.3,0.0,1432,7,90.6,0.31,0.25,16.0,NOMINAL
2026-09-30 23:07:41,TN 58 AA 4920,Arun Kumar (Operator #104),67.9,-1.68,12.90739,80.09199,24.1,38.1,0.0,1348,7,89.8,0.31,0.23,12.7,NOMINAL
2026-09-30 23:07:43,TN 58 AA 4920,Arun Kumar (Operator #104),68.0,0.07,12.90992,80.09314,24.1,45.0,0.0,1350,7,89.7,0.32,0.24,19.7,NOMINAL
2026-09-30 23:07:45,TN 58 AA 4920,Arun Kumar (Operator #104),68.2,0.12,12.91245,80.0943,24.1,46.3,0.0,1356,7,89.7,0.32,0.22,17.0,NOMINAL
2026-09-30 23:07:47,TN 58 AA 4920,Arun Kumar (Operator #104),69.5,0.66,12.91498,80.09546,24.1,40.1,0.0,1388,7,90.2,0.33,0.26,17.8,NOMINAL
2026-09-30 23:07:49,TN 58 AA 4920,Arun Kumar (Operator #104),73.4,1.94,12.91751,80.09662,24.1,37.4,0.0,1484,7,90.0,0.32,0.19,16.3,NOMINAL
2026-09-30 23:07:51,TN 58 AA 4920,Arun Kumar (Operator #104),68.7,-2.36,12.92004,80.09777,24.1,35.0,0.0,1367,7,90.3,0.31,0.25,21.3,NOMINAL
2026-09-30 23:07:53,TN 58 AA 4920,Arun Kumar (Operator #104),73.5,2.38,12.92257,80.09893,24.1,46.0,0.0,1486,7,90.7,0.34,0.22,12.0,NOMINAL
2026-09-30 23:07:55,TN 58 AA 4920,Arun Kumar (Operator #104),72.1,-0.7,12.92503,80.10014,46.5,46.4,0.0,1452,7,89.9,0.33,0.23,9.0,NOMINAL
2026-09-30 23:07:57,TN 58 AA 4920,Arun Kumar (Operator #104),70.7,-0.7,12.92667,80.10191,46.5,44.4,0.0,1417,7,90.2,0.34,0.19,10.9,NOMINAL
2026-09-30 23:07:59,TN 58 AA 4920,Arun Kumar (Operator #104),72.0,0.64,12.92831,80.10369,46.5,45.9,0.0,1449,7,90.0,0.34,0.26,22.0,NOMINAL
2026-09-30 23:08:01,TN 58 AA 4920,Arun Kumar (Operator #104),73.2,0.62,12.92995,80.10547,46.5,41.8,0.0,1481,7,90.7,0.32,0.23,17.3,NOMINAL
2026-09-30 23:08:03,TN 58 AA 4920,Arun Kumar (Operator #104),73.9,0.34,12.9316,80.10724,46.5,44.6,0.0,1497,7,90.6,0.32,0.24,10.1,NOMINAL
2026-09-30 23:08:05,TN 58 AA 4920,Arun Kumar (Operator #104),69.3,-2.29,12.93324,80.10902,46.5,35.3,0.0,1382,7,90.2,0.3,0.22,21.4,NOMINAL
2026-09-30 23:08:07,TN 58 AA 4920,Arun Kumar (Operator #104),73.5,2.1,12.93488,80.1108,46.5,46.8,0.0,1487,7,90.0,0.32,0.25,20.9,NOMINAL
2026-09-30 23:08:09,TN 58 AA 4920,Arun Kumar (Operator #104),71.6,-0.94,12.93652,80.11257,46.5,45.0,0.0,1440,7,89.9,0.34,0.19,15.1,NOMINAL
2026-09-30 23:08:11,TN 58 AA 4920,Arun Kumar (Operator #104),71.5,-0.07,12.93817,80.11435,46.5,41.4,0.0,1436,7,90.7,0.34,0.19,21.8,NOMINAL
2026-09-30 23:08:13,TN 58 AA 4920,Arun Kumar (Operator #104),67.2,-2.13,12.93981,80.11613,46.5,41.1,0.0,1331,7,89.8,0.29,0.23,12.8,NOMINAL
2026-09-30 23:08:15,TN 58 AA 4920,Arun Kumar (Operator #104),71.8,2.28,12.94145,80.1179,46.5,38.9,0.0,1443,7,90.3,0.3,0.21,13.4,NOMINAL
2026-09-30 23:08:17,TN 58 AA 4920,Arun Kumar (Operator #104),69.9,-0.96,12.94309,80.11968,46.5,44.6,0.0,1397,7,90.4,0.31,0.2,8.1,NOMINAL
2026-09-30 23:08:19,TN 58 AA 4920,Arun Kumar (Operator #104),68.6,-0.67,12.94474,80.12146,46.5,43.4,0.0,1364,7,89.6,0.33,0.19,17.9,NOMINAL
2026-09-30 23:08:21,TN 58 AA 4920,Arun Kumar (Operator #104),68.4,-0.11,12.94638,80.12323,46.5,39.6,0.0,1359,7,89.6,0.29,0.2,15.4,NOMINAL
2026-09-30 23:08:23,TN 58 AA 4920,Arun Kumar (Operator #104),72.3,1.97,12.94802,80.12501,46.5,43.7,0.0,1458,7,90.5,0.3,0.19,9.6,NOMINAL
2026-09-30 23:08:25,TN 58 AA 4920,Arun Kumar (Operator #104),70.7,-0.79,12.94966,80.12679,46.5,47.8,0.0,1417,7,90.6,0.29,0.27,14.4,NOMINAL
2026-09-30 23:08:27,TN 58 AA 4920,Arun Kumar (Operator #104),73.8,1.56,12.95131,80.12856,46.5,35.5,0.0,1495,7,90.6,0.29,0.24,15.3,NOMINAL
2026-09-30 23:08:29,TN 58 AA 4920,Arun Kumar (Operator #104),68.5,-2.63,12.95295,80.13034,46.5,42.0,0.0,1363,7,90.6,0.28,0.25,9.3,NOMINAL
2026-09-30 23:08:31,TN 58 AA 4920,Arun Kumar (Operator #104),72.5,2.01,12.95459,80.13212,46.5,35.4,0.0,1462,7,90.1,0.31,0.23,19.4,NOMINAL
2026-09-30 23:08:33,TN 58 AA 4920,Arun Kumar (Operator #104),68.3,-2.08,12.95623,80.13389,46.5,40.6,0.0,1358,7,90.0,0.33,0.23,16.7,NOMINAL
2026-09-30 23:08:35,TN 58 AA 4920,Arun Kumar (Operator #104),67.7,-0.31,12.95788,80.13567,46.5,37.6,0.0,1341,7,90.5,0.32,0.23,18.6,NOMINAL
2026-09-30 23:08:37,TN 58 AA 4920,Arun Kumar (Operator #104),70.8,1.57,12.95952,80.13745,46.5,42.4,0.0,1421,7,90.5,0.32,0.23,13.5,NOMINAL
2026-09-30 23:08:39,TN 58 AA 4920,Arun Kumar (Operator #104),68.5,-1.15,12.96116,80.13922,46.5,35.2,0.0,1362,7,90.3,0.29,0.21,17.9,NOMINAL
2026-09-30 23:08:41,TN 58 AA 4920,Arun Kumar (Operator #104),69.5,0.51,12.9628,80.141,46.5,47.3,0.0,1388,7,90.6,0.28,0.24,11.5,NOMINAL
2026-09-30 23:08:43,TN 58 AA 4920,Arun Kumar (Operator #104),73.3,1.9,12.96444,80.14278,46.5,36.3,0.0,1482,7,90.7,0.34,0.26,10.3,NOMINAL
2026-09-30 23:08:45,TN 58 AA 4920,Arun Kumar (Operator #104),70.3,-1.52,12.96609,80.14455,46.5,47.6,0.0,1406,7,90.5,0.32,0.22,12.7,NOMINAL
2026-09-30 23:08:47,TN 58 AA 4920,Arun Kumar (Operator #104),68.4,-0.95,12.96773,80.14633,46.5,43.8,0.0,1360,7,90.5,0.3,0.25,9.1,NOMINAL
2026-09-30 23:08:49,TN 58 AA 4920,Arun Kumar (Operator #104),73.4,2.5,12.96937,80.14811,46.5,40.3,0.0,1484,7,90.4,0.32,0.23,20.8,NOMINAL
2026-09-30 23:08:51,TN 58 AA 4920,Arun Kumar (Operator #104),70.1,-1.65,12.97101,80.14988,46.5,37.1,0.0,1402,7,90.2,0.35,0.22,16.9,NOMINAL
2026-09-30 23:08:53,TN 58 AA 4920,Arun Kumar (Operator #104),69.2,-0.47,12.97266,80.15166,46.5,38.3,0.0,1378,7,90.3,0.33,0.2,17.6,NOMINAL
2026-09-30 23:08:55,TN 58 AA 4920,Arun Kumar (Operator #104),69.7,0.24,12.9743,80.15344,46.5,46.3,0.0,1392,7,90.4,0.29,0.2,12.3,NOMINAL
2026-09-30 23:08:57,TN 58 AA 4920,Arun Kumar (Operator #104),67.4,-1.17,12.97594,80.15521,46.5,46.9,0.0,1334,7,90.2,0.3,0.26,20.1,NOMINAL
2026-09-30 23:08:59,TN 58 AA 4920,Arun Kumar (Operator #104),74.0,3.3,12.97758,80.15699,46.5,47.8,0.0,1499,7,90.4,0.32,0.22,20.2,NOMINAL
2026-09-30 23:09:01,TN 58 AA 4920,Arun Kumar (Operator #104),73.8,-0.1,12.97923,80.15877,46.5,44.3,0.0,1494,7,90.4,0.32,0.21,17.4,NOMINAL
2026-09-30 23:09:03,TN 58 AA 4920,Arun Kumar (Operator #104),71.4,-1.2,12.98087,80.16054,46.5,36.1,0.0,1435,7,89.9,0.31,0.22,21.2,NOMINAL
2026-09-30 23:09:05,TN 58 AA 4920,Arun Kumar (Operator #104),68.1,-1.66,12.98251,80.16232,46.5,42.5,0.0,1351,7,89.8,0.34,0.2,14.0,NOMINAL
2026-09-30 23:09:07,TN 58 AA 4920,Arun Kumar (Operator #104),71.5,1.72,12.98415,80.1641,46.5,35.6,0.0,1438,7,89.9,0.29,0.22,11.5,NOMINAL
2026-09-30 23:09:09,TN 58 AA 4920,Arun Kumar (Operator #104),68.7,-1.39,12.9858,80.16587,46.5,45.5,0.0,1368,7,90.4,0.33,0.23,16.9,NOMINAL
2026-09-30 23:09:11,TN 58 AA 4920,Arun Kumar (Operator #104),68.2,-0.25,12.98744,80.16765,46.5,36.9,0.0,1355,7,90.2,0.29,0.25,19.9,NOMINAL
2026-09-30 23:09:13,TN 58 AA 4920,Arun Kumar (Operator #104),69.0,0.4,12.98908,80.16943,46.5,37.4,0.0,1375,7,89.7,0.35,0.22,17.5,NOMINAL
2026-09-30 23:09:15,TN 58 AA 4920,Arun Kumar (Operator #104),70.1,0.54,12.99072,80.1712,46.5,35.9,0.0,1401,7,89.9,0.32,0.18,10.6,NOMINAL
2026-09-30 23:09:17,TN 58 AA 4920,Arun Kumar (Operator #104),74.0,1.93,12.99237,80.17298,46.5,41.9,0.0,1498,7,90.7,0.3,0.2,16.0,NOMINAL
2026-09-30 23:09:19,TN 58 AA 4920,Arun Kumar (Operator #104),72.2,-0.91,12.99401,80.17476,46.5,42.3,0.0,1454,7,90.3,0.32,0.2,9.1,NOMINAL
2026-09-30 23:09:21,TN 58 AA 4920,Arun Kumar (Operator #104),70.4,-0.89,12.99565,80.17653,46.5,38.4,0.0,1410,7,89.9,0.34,0.19,10.5,NOMINAL
2026-09-30 23:09:23,TN 58 AA 4920,Arun Kumar (Operator #104),71.4,0.49,12.99729,80.17831,46.5,40.1,0.0,1434,7,90.3,0.29,0.27,13.8,NOMINAL
2026-09-30 23:09:25,TN 58 AA 4920,Arun Kumar (Operator #104),71.3,-0.07,12.99894,80.18009,46.5,42.4,0.0,1431,7,90.5,0.34,0.25,20.6,NOMINAL
2026-09-30 23:09:27,TN 58 AA 4920,Arun Kumar (Operator #104),68.1,-1.62,13.00058,80.18186,46.5,38.8,0.0,1351,7,90.3,0.32,0.21,21.1,NOMINAL
2026-09-30 23:09:29,TN 58 AA 4920,Arun Kumar (Operator #104),72.8,2.35,13.00222,80.18364,46.5,36.3,0.0,1469,7,90.7,0.31,0.27,17.6,NOMINAL
2026-09-30 23:09:31,TN 58 AA 4920,Arun Kumar (Operator #104),71.1,-0.83,13.00386,80.18542,46.5,40.7,0.0,1428,7,90.4,0.31,0.2,11.8,NOMINAL
2026-09-30 23:09:33,TN 58 AA 4920,Arun Kumar (Operator #104),68.7,-1.21,13.00551,80.1872,46.5,35.5,0.0,1367,7,90.1,0.32,0.2,11.8,NOMINAL
2026-09-30 23:09:35,TN 58 AA 4920,Arun Kumar (Operator #104),67.6,-0.55,13.00715,80.18897,46.5,46.2,0.0,1340,7,89.6,0.31,0.19,10.0,NOMINAL
2026-09-30 23:09:37,TN 58 AA 4920,Arun Kumar (Operator #104),71.6,2.01,13.00879,80.19075,46.5,46.6,0.0,1440,7,89.8,0.29,0.23,18.5,NOMINAL
2026-09-30 23:09:39,TN 58 AA 4920,Arun Kumar (Operator #104),70.6,-0.49,13.01043,80.19253,46.5,46.8,0.0,1415,7,90.0,0.31,0.23,21.0,NOMINAL
2026-09-30 23:09:41,TN 58 AA 4920,Arun Kumar (Operator #104),68.7,-0.97,13.01208,80.1943,46.5,45.2,0.0,1366,7,89.6,0.33,0.23,14.6,NOMINAL
2026-09-30 23:09:43,TN 58 AA 4920,Arun Kumar (Operator #104),70.9,1.11,13.01372,80.19608,46.5,46.7,0.0,1423,7,90.5,0.33,0.22,10.2,NOMINAL
2026-09-30 23:09:45,TN 58 AA 4920,Arun Kumar (Operator #104),68.1,-1.42,13.01536,80.19786,46.5,46.7,0.0,1351,7,90.4,0.32,0.25,9.6,NOMINAL
2026-09-30 23:09:47,TN 58 AA 4920,Arun Kumar (Operator #104),72.7,2.3,13.017,80.19963,46.5,44.5,0.0,1467,7,90.3,0.28,0.27,8.0,NOMINAL
2026-09-30 23:09:49,TN 58 AA 4920,Arun Kumar (Operator #104),50.0,-11.35,13.01865,80.20141,46.5,0.0,35.0,1400,1,89.4,0.28,0.22,18.7,NOMINAL
2026-09-30 23:09:51,TN 58 AA 4920,Arun Kumar (Operator #104),48.8,-0.62,13.02029,80.20319,46.5,0.0,35.0,1385,1,88.5,0.33,0.22,10.1,NOMINAL
2026-09-30 23:09:53,TN 58 AA 4920,Arun Kumar (Operator #104),47.5,-0.65,13.02193,80.20496,46.5,0.0,35.0,1370,1,89.3,0.3,0.22,17.9,NOMINAL
2026-09-30 23:09:55,TN 58 AA 4920,Arun Kumar (Operator #104),46.2,-0.62,13.02357,80.20674,46.5,0.0,35.0,1355,1,88.6,0.29,0.19,17.1,NOMINAL
2026-09-30 23:09:57,TN 58 AA 4920,Arun Kumar (Operator #104),45.0,-0.6,13.02521,80.20852,46.5,0.0,35.0,1340,1,88.9,0.29,0.22,19.3,NOMINAL
2026-09-30 23:09:59,TN 58 AA 4920,Arun Kumar (Operator #104),43.8,-0.62,13.02686,80.21029,46.5,0.0,35.0,1325,1,88.9,0.31,0.18,11.5,NOMINAL
2026-09-30 23:10:01,TN 58 AA 4920,Arun Kumar (Operator #104),42.5,-0.65,13.0285,80.21207,46.5,0.0,35.0,1310,1,88.4,0.29,0.22,12.1,NOMINAL
2026-09-30 23:10:03,TN 58 AA 4920,Arun Kumar (Operator #104),41.2,-0.62,13.03014,80.21385,46.5,0.0,35.0,1295,1,88.4,0.33,0.24,13.7,NOMINAL
2026-09-30 23:10:05,TN 58 AA 4920,Arun Kumar (Operator #104),40.0,-0.6,13.03178,80.21562,46.5,0.0,35.0,1280,1,88.7,0.29,0.21,19.3,NOMINAL
2026-09-30 23:10:07,TN 58 AA 4920,Arun Kumar (Operator #104),38.8,-0.62,13.03343,80.2174,46.5,0.0,35.0,1265,1,88.4,0.28,0.21,18.3,NOMINAL
2026-09-30 23:10:09,TN 58 AA 4920,Arun Kumar (Operator #104),37.5,-0.65,13.03507,80.21918,46.5,0.0,35.0,1250,1,88.4,0.3,0.21,11.6,NOMINAL
2026-09-30 23:10:11,TN 58 AA 4920,Arun Kumar (Operator #104),36.2,-0.62,13.03671,80.22095,46.5,0.0,35.0,1235,1,88.4,0.33,0.24,12.5,NOMINAL
2026-09-30 23:10:13,TN 58 AA 4920,Arun Kumar (Operator #104),35.0,-0.6,13.03835,80.22273,46.5,0.0,35.0,1220,1,88.1,0.3,0.23,10.7,NOMINAL
2026-09-30 23:10:15,TN 58 AA 4920,Arun Kumar (Operator #104),33.8,-0.62,13.04,80.22451,46.5,0.0,35.0,1205,1,87.6,0.29,0.23,17.2,NOMINAL
2026-09-30 23:10:17,TN 58 AA 4920,Arun Kumar (Operator #104),32.5,-0.65,13.04164,80.22628,46.5,0.0,35.0,1190,1,87.9,0.32,0.24,18.5,NOMINAL
2026-09-30 23:10:19,TN 58 AA 4920,Arun Kumar (Operator #104),31.2,-0.62,13.04328,80.22806,46.5,0.0,35.0,1175,1,88.1,0.32,0.24,17.3,NOMINAL
2026-09-30 23:10:21,TN 58 AA 4920,Arun Kumar (Operator #104),30.0,-0.6,13.04492,80.22984,46.5,0.0,35.0,1160,1,87.9,0.33,0.19,18.0,NOMINAL
2026-09-30 23:10:23,TN 58 AA 4920,Arun Kumar (Operator #104),28.7,-0.63,13.04657,80.23161,46.5,0.0,35.0,1145,1,87.9,0.33,0.2,18.1,NOMINAL
2026-09-30 23:10:25,TN 58 AA 4920,Arun Kumar (Operator #104),27.5,-0.6,13.04821,80.23339,46.5,0.0,35.0,1130,1,88.0,0.3,0.22,14.2,NOMINAL
2026-09-30 23:10:27,TN 58 AA 4920,Arun Kumar (Operator #104),26.2,-0.62,13.04985,80.23517,46.5,0.0,35.0,1115,1,87.4,0.34,0.21,13.8,NOMINAL
2026-09-30 23:10:29,TN 58 AA 4920,Arun Kumar (Operator #104),25.0,-0.6,13.05149,80.23694,46.5,0.0,35.0,1100,1,87.7,0.33,0.21,18.4,NOMINAL
2026-09-30 23:10:31,TN 58 AA 4920,Arun Kumar (Operator #104),23.8,-0.62,13.05314,80.23872,46.5,0.0,35.0,1085,1,87.0,0.32,0.23,19.1,NOMINAL
2026-09-30 23:10:33,TN 58 AA 4920,Arun Kumar (Operator #104),22.5,-0.65,13.05478,80.2405,46.5,0.0,35.0,1070,1,87.0,0.32,0.22,13.0,NOMINAL
2026-09-30 23:10:35,TN 58 AA 4920,Arun Kumar (Operator #104),21.2,-0.62,13.05642,80.24227,46.5,0.0,35.0,1055,1,86.8,0.33,0.21,13.3,NOMINAL
2026-09-30 23:10:37,TN 58 AA 4920,Arun Kumar (Operator #104),20.0,-0.6,13.05806,80.24405,46.5,0.0,35.0,1040,1,87.4,0.3,0.24,10.3,NOMINAL
2026-09-30 23:10:39,TN 58 AA 4920,Arun Kumar (Operator #104),18.8,-0.62,13.05971,80.24583,46.5,0.0,35.0,1025,1,87.3,0.29,0.24,18.1,NOMINAL
2026-09-30 23:10:41,TN 58 AA 4920,Arun Kumar (Operator #104),17.5,-0.65,13.06135,80.2476,46.5,0.0,35.0,1010,1,87.0,0.29,0.2,12.3,NOMINAL
2026-09-30 23:10:43,TN 58 AA 4920,Arun Kumar (Operator #104),16.2,-0.62,13.06299,80.24938,46.5,0.0,35.0,995,1,86.7,0.32,0.21,15.0,NOMINAL
2026-09-30 23:10:45,TN 58 AA 4920,Arun Kumar (Operator #104),15.0,-0.6,13.06463,80.25116,46.5,0.0,35.0,980,1,87.1,0.33,0.23,11.9,NOMINAL
2026-09-30 23:10:47,TN 58 AA 4920,Arun Kumar (Operator #104),13.8,-0.62,13.06628,80.25293,46.5,0.0,35.0,965,1,87.1,0.33,0.25,11.0,NOMINAL
2026-09-30 23:10:49,TN 58 AA 4920,Arun Kumar (Operator #104),12.5,-0.65,13.06792,80.25471,46.5,0.0,35.0,950,1,86.9,0.33,0.24,10.6,NOMINAL
2026-09-30 23:10:51,TN 58 AA 4920,Arun Kumar (Operator #104),11.2,-0.62,13.06956,80.25649,46.5,0.0,35.0,935,1,86.8,0.32,0.2,13.7,NOMINAL
2026-09-30 23:10:53,TN 58 AA 4920,Arun Kumar (Operator #104),10.0,-0.6,13.0712,80.25826,46.5,0.0,35.0,920,1,86.5,0.3,0.22,19.5,NOMINAL
2026-09-30 23:10:55,TN 58 AA 4920,Arun Kumar (Operator #104),8.8,-0.62,13.07285,80.26004,46.5,0.0,35.0,905,1,86.9,0.34,0.19,19.8,NOMINAL
2026-09-30 23:10:57,TN 58 AA 4920,Arun Kumar (Operator #104),7.5,-0.65,13.07449,80.26182,46.5,0.0,35.0,890,1,86.8,0.29,0.23,18.5,NOMINAL
2026-09-30 23:10:59,TN 58 AA 4920,Arun Kumar (Operator #104),6.2,-0.62,13.07613,80.26359,46.5,0.0,35.0,875,1,86.1,0.33,0.21,16.5,NOMINAL
2026-09-30 23:11:01,TN 58 AA 4920,Arun Kumar (Operator #104),5.0,-0.6,13.07777,80.26537,46.5,0.0,35.0,860,1,86.0,0.28,0.22,19.7,NOMINAL
2026-09-30 23:11:03,TN 58 AA 4920,Arun Kumar (Operator #104),3.8,-0.62,13.07942,80.26715,46.5,0.0,35.0,845,1,86.3,0.32,0.19,19.0,NOMINAL
2026-09-30 23:11:05,TN 58 AA 4920,Arun Kumar (Operator #104),2.5,-0.65,13.08106,80.26892,46.5,0.0,35.0,830,1,85.7,0.31,0.25,13.2,NOMINAL
2026-09-30 23:11:07,TN 58 AA 4920,Arun Kumar (Operator #104),0.0,-1.25,13.0827,80.2707,46.5,0.0,0.0,650,0,86.1,0.31,0.23,16.9,SAFE_STOP
